Workbook

Sheet Energy
A1: timestamp | B1: unrealised_pnl | C1: gross_exposure | D1: long_exposure | E1: short_exposure | F1: realised_pnl | G1: cumulative_realised_pnl | H1: total_pnl | I1: cfd_margin_required | J1: capital_required
A2: 45960.76 | B2: 0 | C2: 160009.14 | D2: 60009.14 | E2: 100000 | F2: 0 | G2: 0 | H2: 0 | I2: 32001.828 | J2: 32001.828
A3: 45960.76 | B3: -17.244352 | C3: 160026.38 | D3: 60009.14 | E3: 100017.24 | F3: 0 | G3: 0 | H3: -17.244352 | I3: 32005.277 | J3: 32022.521 | M3: =MAX(Table1[capital_required]) -> 43320.744
A4: 45960.761 | B4: 17.244352 | C4: 159991.9 | D4: 60009.14 | E4: 99982.756 | F4: 0 | G4: 0 | H4: 17.244352 | I4: 31998.379 | J4: 31981.135
A5: 45960.762 | B5: -56.141166 | C5: 159987.49 | D5: 59970.243 | E5: 100017.24 | F5: 0 | G5: 0 | H5: -56.141166 | I5: 31997.497 | J5: 32053.639 | L5: ROC | M5: =H1320/M3 -> 0.26902176
A6: 45960.762 | B6: -73.385518 | C6: 160004.73 | D6: 59970.243 | E6: 100034.49 | F6: 0 | G6: 0 | H6: -73.385518 | I6: 32000.946 | J6: 32074.332
A7: 45960.763 | B7: 26.10369 | C7: 160173.2 | D7: 60104.221 | E7: 100068.98 | F7: 0 | G7: 0 | H7: 26.10369 | I7: 32034.64 | J7: 32008.536
A8: 45960.764 | B8: 107.98202 | C8: 160065.39 | D8: 60091.255 | E8: 99974.133 | F8: 0 | G8: 0 | H8: 107.98202 | I8: 32013.078 | J8: 31905.096
A9: 45960.765 | B9: 163.92915 | C9: 159931.65 | D9: 60052.358 | E9: 99879.29 | F9: 0 | G9: 0 | H9: 163.92915 | I9: 31986.33 | J9: 31822.4
A10: 45960.765 | B10: 0 | C10: 0 | D10: 0 | E10: 0 | F10: 153.46335 | G10: 153.46335 | H10: 153.46335 | I10: 0 | J10: -153.46335
A11: 45961.562 | B11: 0 | C11: 160009.14 | D11: 100000 | E11: 60009.14 | F11: 0 | G11: 153.46335 | H11: 153.46335 | I11: 32001.828 | J11: 31848.365
A12: 45961.563 | B12: 371.34831 | C12: 160367.37 | D12: 100364.79 | E12: 60002.578 | F12: 0 | G12: 153.46335 | H12: 524.81165 | I12: 32073.473 | J12: 31548.661
A13: 45961.564 | B13: 223.06144 | C13: 159777.29 | D13: 99995.605 | E13: 59781.683 | F13: 0 | G13: 153.46335 | H13: 376.52479 | I13: 31955.458 | J13: 31578.933
A14: 45961.565 | B14: 371.88729 | C14: 159672.41 | D14: 100017.58 | E14: 59654.832 | F14: 0 | G14: 153.46335 | H14: 525.35063 | I14: 31934.482 | J14: 31409.132
A15: 45961.565 | B15: 260.63477 | C15: 158983.77 | D15: 99617.633 | E15: 59366.138 | F15: 0 | G15: 153.46335 | H15: 414.09812 | I15: 31796.754 | J15: 31382.656
A16: 45961.566 | B16: 243.05467 | C16: 158966.19 | D16: 99600.053 | E16: 59366.138 | F16: 0 | G16: 153.46335 | H16: 396.51802 | I16: 31793.238 | J16: 31396.72
A17: 45961.567 | B17: 0 | C17: 0 | D17: 0 | E17: 0 | F17: 804.4457 | G17: 957.90905 | H17: 957.90905 | I17: 0 | J17: -957.90905
... A1320: 46210.606 | B1320: 0 | C1320: 0 | D1320: 0 | E1320: 0 | F1320: 590.68408 | G1320: 11654.223 | H1320: 11654.223 | I1320: 0 | J1320: -11654.223

Sheet Banks
A1: timestamp | B1: unrealised_pnl | C1: gross_exposure | D1: long_exposure | E1: short_exposure | F1: realised_pnl | G1: cumulative_realised_pnl | H1: total_pnl | I1: cfd_margin_required | J1: capital_required
A2: 45960.562 | B2: 0 | C2: 166743.01 | D2: 66743.015 | E2: 100000 | F2: 0 | G2: 0 | H2: 0 | I2: 33348.603 | J2: 33348.603
A3: 45960.563 | B3: 32.64187 | C3: 166710.37 | D3: 66743.015 | E3: 99967.358 | F3: 0 | G3: 0 | H3: 32.64187 | I3: 33342.075 | J3: 33309.433 | L3: =MAX(Table2[capital_required]) -> 42520.269
A4: 45960.564 | B4: 27.745589 | C4: 166715.27 | D4: 66743.015 | E4: 99972.254 | F4: 0 | G4: 0 | H4: 27.745589 | I4: 33343.054 | J4: 33315.308
A5: 45960.565 | B5: 204.01169 | C5: 166539 | D5: 66743.015 | E5: 99795.988 | F5: 0 | G5: 0 | H5: 204.01169 | I5: 33307.801 | J5: 33103.789 | L5: ROC | M5: =H2167/L3 -> 0.089248748
A6: 45960.565 | B6: -29.377683 | C6: 166772.39 | D6: 66743.015 | E6: 100029.38 | F6: 0 | G6: 0 | H6: -29.377683 | I6: 33354.478 | J6: 33383.856
A7: 45960.566 | B7: -60.387459 | C7: 166803.4 | D7: 66743.015 | E7: 100060.39 | F7: 0 | G7: 0 | H7: -60.387459 | I7: 33360.68 | J7: 33421.068
A8: 45960.567 | B8: 223.59681 | C8: 166519.42 | D8: 66743.015 | E8: 99776.403 | F8: 0 | G8: 0 | H8: 223.59681 | I8: 33303.884 | J8: 33080.287
A9: 45960.567 | B9: 0 | C9: 0 | D9: 0 | E9: 0 | F9: 202.9612 | G9: 202.9612 | H9: 202.9612 | I9: 0 | J9: -202.9612
A10: 45961.565 | B10: 0 | C10: 166743.01 | D10: 66743.015 | E10: 100000 | F10: 0 | G10: 202.9612 | H10: 202.9612 | I10: 33348.603 | J10: 33145.642
A11: 45961.566 | B11: 69.297836 | C11: 166673.72 | D11: 66743.015 | E11: 99930.702 | F11: 0 | G11: 202.9612 | H11: 272.25904 | I11: 33334.743 | J11: 33062.484
A12: 45961.567 | B12: 135.83352 | C12: 166701.57 | D12: 66790.212 | E12: 99911.363 | F12: 0 | G12: 202.9612 | H12: 338.79472 | I12: 33340.315 | J12: 33001.52
A13: 45961.567 | B13: 337.59001 | C13: 166542.34 | D13: 66811.471 | E13: 99730.867 | F13: 0 | G13: 202.9612 | H13: 540.55121 | I13: 33308.468 | J13: 32767.916
A14: 45961.568 | B14: 367.80562 | C14: 166527.43 | D14: 66819.125 | E14: 99708.304 | F14: 0 | G14: 202.9612 | H14: 570.76682 | I14: 33305.486 | J14: 32734.719
A15: 45961.569 | B15: 0 | C15: 0 | D15: 0 | E15: 0 | F15: 398.12305 | G15: 601.08425 | H15: 601.08425 | I15: 0 | J15: -601.08425
A16: 45961.726 | B16: 0 | C16: 166743.01 | D16: 66743.015 | E16: 100000 | F16: 0 | G16: 601.08425 | H16: 601.08425 | I16: 33348.603 | J16: 32747.519
A17: 45961.726 | B17: 0 | C17: 166743.01 | D17: 66743.015 | E17: 100000 | F17: 0 | G17: 601.08425 | H17: 601.08425 | I17: 33348.603 | J17: 32747.519
... A2167: 46211.626 | B2167: 0 | C2167: 0 | D2167: 0 | E2167: 0 | F2167: -729.67287 | G2167: 3794.8808 | H2167: 3794.8808 | I2167: 0 | J2167: -3794.8808

Sheet combined
A1: Timestamp | B1: Bank PnL TOTAL | C1: Energy PnL TOTAL | D1: Combined total PnL | E1: Bank margin | F1: Energy margin | G1: combined margin | H1: combined capital
A2: {=_xlfn._xlws.SORT(_xlfn.UNIQUE(_xlfn.VSTACK(Banks!A2:A3000,Energy!A2:A3000)))} -> 45960.562 | B2: =_xlfn.XLOOKUP(A2,Banks!A:A,Banks!H:H,0,-1) -> 0 | C2: =_xlfn.XLOOKUP(A2,Energy!A:A,Energy!H:H,0,-1) -> 0 | D2: =B2+C2 -> 0 | E2: =_xlfn.XLOOKUP(A2,Banks!A:A,Banks!I:I,0) -> 33348.603 | F2: =_xlfn.XLOOKUP(A2,Energy!A:A,Energy!I:I,0) -> 0 | G2: =F2+E2 -> 33348.603 | H2: =G2-D2 -> 33348.603 | I2: =AND(E2>0,F2>0) -> FALSE | L2: =MIN(H2:H3343) -> -17427.979
A3: 45960.563 | B3: =_xlfn.XLOOKUP(A3,Banks!A:A,Banks!H:H,0,-1) -> 32.64187 | C3: =_xlfn.XLOOKUP(A3,Energy!A:A,Energy!H:H,0,-1) -> 0 | D3: =B3+C3 -> 32.64187 | E3: =_xlfn.XLOOKUP(A3,Banks!A:A,Banks!I:I,0) -> 33342.075 | F3: =_xlfn.XLOOKUP(A3,Energy!A:A,Energy!I:I,0) -> 0 | G3: =F3+E3 -> 33342.075 | H3: =G3-D3 -> 33309.433 | I3: =AND(E3>0,F3>0) -> FALSE | L3: =MAX(H2:H3343) -> 80993.12
A4: 45960.564 | B4: =_xlfn.XLOOKUP(A4,Banks!A:A,Banks!H:H,0,-1) -> 27.745589 | C4: =_xlfn.XLOOKUP(A4,Energy!A:A,Energy!H:H,0,-1) -> 0 | D4: =B4+C4 -> 27.745589 | E4: =_xlfn.XLOOKUP(A4,Banks!A:A,Banks!I:I,0) -> 33343.054 | F4: =_xlfn.XLOOKUP(A4,Energy!A:A,Energy!I:I,0) -> 0 | G4: =F4+E4 -> 33343.054 | H4: =G4-D4 -> 33315.308 | I4: =AND(E4>0,F4>0) -> FALSE
A5: 45960.565 | B5: =_xlfn.XLOOKUP(A5,Banks!A:A,Banks!H:H,0,-1) -> 204.01169 | C5: =_xlfn.XLOOKUP(A5,Energy!A:A,Energy!H:H,0,-1) -> 0 | D5: =B5+C5 -> 204.01169 | E5: =_xlfn.XLOOKUP(A5,Banks!A:A,Banks!I:I,0) -> 33307.801 | F5: =_xlfn.XLOOKUP(A5,Energy!A:A,Energy!I:I,0) -> 0 | G5: =F5+E5 -> 33307.801 | H5: =G5-D5 -> 33103.789 | I5: =AND(E5>0,F5>0) -> FALSE | L5: ROC | M5: =D3342/L3 -> 0.19074587
A6: 45960.565 | B6: =_xlfn.XLOOKUP(A6,Banks!A:A,Banks!H:H,0,-1) -> -29.377683 | C6: =_xlfn.XLOOKUP(A6,Energy!A:A,Energy!H:H,0,-1) -> 0 | D6: =B6+C6 -> -29.377683 | E6: =_xlfn.XLOOKUP(A6,Banks!A:A,Banks!I:I,0) -> 33354.478 | F6: =_xlfn.XLOOKUP(A6,Energy!A:A,Energy!I:I,0) -> 0 | G6: =F6+E6 -> 33354.478 | H6: =G6-D6 -> 33383.856 | I6: =AND(E6>0,F6>0) -> FALSE | Q6: =COUNTIF(I:I,TRUE)/COUNTA(I:I) -> 0.036205865
A7: 45960.566 | B7: =_xlfn.XLOOKUP(A7,Banks!A:A,Banks!H:H,0,-1) -> -60.387459 | C7: =_xlfn.XLOOKUP(A7,Energy!A:A,Energy!H:H,0,-1) -> 0 | D7: =B7+C7 -> -60.387459 | E7: =_xlfn.XLOOKUP(A7,Banks!A:A,Banks!I:I,0) -> 33360.68 | F7: =_xlfn.XLOOKUP(A7,Energy!A:A,Energy!I:I,0) -> 0 | G7: =F7+E7 -> 33360.68 | H7: =G7-D7 -> 33421.068 | I7: =AND(E7>0,F7>0) -> FALSE
A8: 45960.567 | B8: =_xlfn.XLOOKUP(A8,Banks!A:A,Banks!H:H,0,-1) -> 223.59681 | C8: =_xlfn.XLOOKUP(A8,Energy!A:A,Energy!H:H,0,-1) -> 0 | D8: =B8+C8 -> 223.59681 | E8: =_xlfn.XLOOKUP(A8,Banks!A:A,Banks!I:I,0) -> 33303.884 | F8: =_xlfn.XLOOKUP(A8,Energy!A:A,Energy!I:I,0) -> 0 | G8: =F8+E8 -> 33303.884 | H8: =G8-D8 -> 33080.287 | I8: =AND(E8>0,F8>0) -> FALSE | M8: theoretical ROC
A9: 45960.567 | B9: =_xlfn.XLOOKUP(A9,Banks!A:A,Banks!H:H,0,-1) -> 202.9612 | C9: =_xlfn.XLOOKUP(A9,Energy!A:A,Energy!H:H,0,-1) -> 0 | D9: =B9+C9 -> 202.9612 | E9: =_xlfn.XLOOKUP(A9,Banks!A:A,Banks!I:I,0) -> 0 | F9: =_xlfn.XLOOKUP(A9,Energy!A:A,Energy!I:I,0) -> 0 | G9: =F9+E9 -> 0 | H9: =G9-D9 -> -202.9612 | I9: =AND(E9>0,F9>0) -> FALSE | K9: Max bank margin | L9: =MAX(E:E) -> 44589.845 | M9: =D3342/L9 -> 0.34647134
A10: 45960.76 | B10: =_xlfn.XLOOKUP(A10,Banks!A:A,Banks!H:H,0,-1) -> 202.9612 | C10: =_xlfn.XLOOKUP(A10,Energy!A:A,Energy!H:H,0,-1) -> 0 | D10: =B10+C10 -> 202.9612 | E10: =_xlfn.XLOOKUP(A10,Banks!A:A,Banks!I:I,0) -> 0 | F10: =_xlfn.XLOOKUP(A10,Energy!A:A,Energy!I:I,0) -> 32001.828 | G10: =F10+E10 -> 32001.828 | H10: =G10-D10 -> 31798.867 | I10: =AND(E10>0,F10>0) -> FALSE | K10: Max energy margin | L10: =MAX(F:F) -> 44688.037 | M10: =D3342/L10 -> 0.34571005
A11: 45960.76 | B11: =_xlfn.XLOOKUP(A11,Banks!A:A,Banks!H:H,0,-1) -> 202.9612 | C11: =_xlfn.XLOOKUP(A11,Energy!A:A,Energy!H:H,0,-1) -> -17.244352 | D11: =B11+C11 -> 185.71685 | E11: =_xlfn.XLOOKUP(A11,Banks!A:A,Banks!I:I,0) -> 0 | F11: =_xlfn.XLOOKUP(A11,Energy!A:A,Energy!I:I,0) -> 32005.277 | G11: =F11+E11 -> 32005.277 | H11: =G11-D11 -> 31819.56 | I11: =AND(E11>0,F11>0) -> FALSE
A12: 45960.761 | B12: =_xlfn.XLOOKUP(A12,Banks!A:A,Banks!H:H,0,-1) -> 202.9612 | C12: =_xlfn.XLOOKUP(A12,Energy!A:A,Energy!H:H,0,-1) -> 17.244352 | D12: =B12+C12 -> 220.20555 | E12: =_xlfn.XLOOKUP(A12,Banks!A:A,Banks!I:I,0) -> 0 | F12: =_xlfn.XLOOKUP(A12,Energy!A:A,Energy!I:I,0) -> 31998.379 | G12: =F12+E12 -> 31998.379 | H12: =G12-D12 -> 31778.173 | I12: =AND(E12>0,F12>0) -> FALSE
A13: 45960.762 | B13: =_xlfn.XLOOKUP(A13,Banks!A:A,Banks!H:H,0,-1) -> 202.9612 | C13: =_xlfn.XLOOKUP(A13,Energy!A:A,Energy!H:H,0,-1) -> -56.141166 | D13: =B13+C13 -> 146.82004 | E13: =_xlfn.XLOOKUP(A13,Banks!A:A,Banks!I:I,0) -> 0 | F13: =_xlfn.XLOOKUP(A13,Energy!A:A,Energy!I:I,0) -> 31997.497 | G13: =F13+E13 -> 31997.497 | H13: =G13-D13 -> 31850.677 | I13: =AND(E13>0,F13>0) -> FALSE
A14: 45960.762 | B14: =_xlfn.XLOOKUP(A14,Banks!A:A,Banks!H:H,0,-1) -> 202.9612 | C14: =_xlfn.XLOOKUP(A14,Energy!A:A,Energy!H:H,0,-1) -> -73.385518 | D14: =B14+C14 -> 129.57568 | E14: =_xlfn.XLOOKUP(A14,Banks!A:A,Banks!I:I,0) -> 0 | F14: =_xlfn.XLOOKUP(A14,Energy!A:A,Energy!I:I,0) -> 32000.946 | G14: =F14+E14 -> 32000.946 | H14: =G14-D14 -> 31871.371 | I14: =AND(E14>0,F14>0) -> FALSE
A15: 45960.763 | B15: =_xlfn.XLOOKUP(A15,Banks!A:A,Banks!H:H,0,-1) -> 202.9612 | C15: =_xlfn.XLOOKUP(A15,Energy!A:A,Energy!H:H,0,-1) -> 26.10369 | D15: =B15+C15 -> 229.06489 | E15: =_xlfn.XLOOKUP(A15,Banks!A:A,Banks!I:I,0) -> 0 | F15: =_xlfn.XLOOKUP(A15,Energy!A:A,Energy!I:I,0) -> 32034.64 | G15: =F15+E15 -> 32034.64 | H15: =G15-D15 -> 31805.575 | I15: =AND(E15>0,F15>0) -> FALSE
A16: 45960.764 | B16: =_xlfn.XLOOKUP(A16,Banks!A:A,Banks!H:H,0,-1) -> 202.9612 | C16: =_xlfn.XLOOKUP(A16,Energy!A:A,Energy!H:H,0,-1) -> 107.98202 | D16: =B16+C16 -> 310.94322 | E16: =_xlfn.XLOOKUP(A16,Banks!A:A,Banks!I:I,0) -> 0 | F16: =_xlfn.XLOOKUP(A16,Energy!A:A,Energy!I:I,0) -> 32013.078 | G16: =F16+E16 -> 32013.078 | H16: =G16-D16 -> 31702.134 | I16: =AND(E16>0,F16>0) -> FALSE
A17: 45960.765 | B17: =_xlfn.XLOOKUP(A17,Banks!A:A,Banks!H:H,0,-1) -> 202.9612 | C17: =_xlfn.XLOOKUP(A17,Energy!A:A,Energy!H:H,0,-1) -> 163.92915 | D17: =B17+C17 -> 366.89035 | E17: =_xlfn.XLOOKUP(A17,Banks!A:A,Banks!I:I,0) -> 0 | F17: =_xlfn.XLOOKUP(A17,Energy!A:A,Energy!I:I,0) -> 31986.33 | G17: =F17+E17 -> 31986.33 | H17: =G17-D17 -> 31619.439 | I17: =AND(E17>0,F17>0) -> FALSE
A18: 45960.765 | B18: =_xlfn.XLOOKUP(A18,Banks!A:A,Banks!H:H,0,-1) -> 202.9612 | C18: =_xlfn.XLOOKUP(A18,Energy!A:A,Energy!H:H,0,-1) -> 153.46335 | D18: =B18+C18 -> 356.42455 | E18: =_xlfn.XLOOKUP(A18,Banks!A:A,Banks!I:I,0) -> 0 | F18: =_xlfn.XLOOKUP(A18,Energy!A:A,Energy!I:I,0) -> 0 | G18: =F18+E18 -> 0 | H18: =G18-D18 -> -356.42455 | I18: =AND(E18>0,F18>0) -> FALSE
A19: 45961.562 | B19: =_xlfn.XLOOKUP(A19,Banks!A:A,Banks!H:H,0,-1) -> 202.9612 | C19: =_xlfn.XLOOKUP(A19,Energy!A:A,Energy!H:H,0,-1) -> 153.46335 | D19: =B19+C19 -> 356.42455 | E19: =_xlfn.XLOOKUP(A19,Banks!A:A,Banks!I:I,0) -> 0 | F19: =_xlfn.XLOOKUP(A19,Energy!A:A,Energy!I:I,0) -> 32001.828 | G19: =F19+E19 -> 32001.828 | H19: =G19-D19 -> 31645.403 | I19: =AND(E19>0,F19>0) -> FALSE
A20: 45961.563 | B20: =_xlfn.XLOOKUP(A20,Banks!A:A,Banks!H:H,0,-1) -> 202.9612 | C20: =_xlfn.XLOOKUP(A20,Energy!A:A,Energy!H:H,0,-1) -> 524.81165 | D20: =B20+C20 -> 727.77285 | E20: =_xlfn.XLOOKUP(A20,Banks!A:A,Banks!I:I,0) -> 0 | F20: =_xlfn.XLOOKUP(A20,Energy!A:A,Energy!I:I,0) -> 32073.473 | G20: =F20+E20 -> 32073.473 | H20: =G20-D20 -> 31345.7 | I20: =AND(E20>0,F20>0) -> FALSE
A21: 45961.564 | B21: =_xlfn.XLOOKUP(A21,Banks!A:A,Banks!H:H,0,-1) -> 202.9612 | C21: =_xlfn.XLOOKUP(A21,Energy!A:A,Energy!H:H,0,-1) -> 376.52479 | D21: =B21+C21 -> 579.48599 | E21: =_xlfn.XLOOKUP(A21,Banks!A:A,Banks!I:I,0) -> 0 | F21: =_xlfn.XLOOKUP(A21,Energy!A:A,Energy!I:I,0) -> 31955.458 | G21: =F21+E21 -> 31955.458 | H21: =G21-D21 -> 31375.972 | I21: =AND(E21>0,F21>0) -> FALSE
A22: 45961.565 | B22: =_xlfn.XLOOKUP(A22,Banks!A:A,Banks!H:H,0,-1) -> 202.9612 | C22: =_xlfn.XLOOKUP(A22,Energy!A:A,Energy!H:H,0,-1) -> 525.35063 | D22: =B22+C22 -> 728.31183 | E22: =_xlfn.XLOOKUP(A22,Banks!A:A,Banks!I:I,0) -> 0 | F22: =_xlfn.XLOOKUP(A22,Energy!A:A,Energy!I:I,0) -> 31934.482 | G22: =F22+E22 -> 31934.482 | H22: =G22-D22 -> 31206.171 | I22: =AND(E22>0,F22>0) -> FALSE
... A3343: 0 | B3343: =_xlfn.XLOOKUP(A3343,Banks!A:A,Banks!H:H,0,-1) -> 0 | C3343: =_xlfn.XLOOKUP(A3343,Energy!A:A,Energy!H:H,0,-1) -> 0 | D3343: =B3343+C3343 -> 0 | E3343: =_xlfn.XLOOKUP(A3343,Banks!A:A,Banks!I:I,0) -> 0 | F3343: =_xlfn.XLOOKUP(A3343,Energy!A:A,Energy!I:I,0) -> 0 | G3343: =F3343+E3343 -> 0 | H3343: =G3343-D3343 -> 0 | I3343: =AND(E3343>0,F3343>0) -> FALSE

Sheet Sheet4
A1: combined capital
A2: 80993.12
A3: 80441.114
A4: 79724.372
A5: 79666.076
A6: 79546.523
A7: 79435.307
A8: 79429.242
A9: 79348.602
A10: 79335.909
A11: 79123.749
A12: 79093.866
A13: 79028.836
... A3343: -17427.979
