Workbook

Sheet Trades
A1: window_id | B1: stock1 | C1: stock2 | D1: entry_timestamp | E1: entry_price_1 | F1: entry_price_2 | G1: entry_price_1_slipped | H1: entry_price_2_slipped | I1: entry_zscore | J1: hedge_ratio_entry | K1: position_size_1 | L1: position_size_2 | M1: direction | N1: holding_minutes | O1: exit_reason | P1: exit_timestamp | Q1: exit_price_1 | R1: exit_price_2 | S1: exit_zscore | T1: gross_pnl | U1: gross_pnl_slipped | V1: transaction_costs | W1: net_pnl
A2: 0 | B2: JPM | C2: USB | D2: 24032 | E2: 123.99 | F2: 42.295 | G2: 124.0024 | H2: 42.290771 | I2: -1.829777 | J2: 0.44350025 | K2: 0.080651665 | L2: -0.10485879 | M2: LONG | N2: 13 | O2: signal | P2: 24045 | Q2: 123.985 | R2: 42.325 | S2: -0.39352704 | T2: -0.003549022 | U2: -0.0064362968 | V2: 0.0028871118 | W2: -0.0093234086
A3: 0 | B3: JPM | C3: USB | D3: 24072 | E3: 123.785 | F3: 42.3 | G3: 123.79738 | H3: 42.29577 | I3: -1.5626489 | J3: 0.44350025 | K3: 0.080785232 | L3: -0.1048464 | M3: LONG | N3: 10 | O3: signal | P3: 24082 | Q3: 124 | R3: 42.45 | S3: -0.32782764 | T3: 0.0016418656 | U3: -0.0012484445 | V3: 0.0028871118 | W3: -0.0041355563
A4: 0 | B4: JPM | C4: USB | D4: 24087 | E4: 123.84 | F4: 42.445 | G4: 123.85238 | H4: 42.440755 | I4: -1.8136979 | J4: 0.44350025 | K4: 0.080749354 | L4: -0.10448822 | M4: LONG | N4: 6 | O4: signal | P4: 24093 | Q4: 124.02 | R4: 42.5 | S4: 0.058790867 | T4: 0.0087880316 | U4: 0.0058990029 | V4: 0.0028871118 | W4: 0.0030118911
A5: 0 | B5: JPM | C5: USB | D5: 24105 | E5: 124.14 | F5: 42.5 | G5: 124.12759 | H5: 42.50425 | I5: 2.3071722 | J5: 0.44350025 | K5: -0.080554213 | L5: 0.104353 | M5: SHORT | N5: 11 | O5: signal | P5: 24116 | Q5: 124.1 | R5: 42.53 | S5: 0.28307231 | T5: 0.0063527585 | U5: 0.0034657672 | V5: 0.0028868892 | W5: 0.00057887799
A6: 0 | B6: JPM | C6: USB | D6: 24131 | E6: 123.9 | F6: 42.45 | G6: 123.91239 | H6: 42.445755 | I6: -2.1886252 | J6: 0.44350025 | K6: 0.08071025 | L6: -0.10447591 | M6: LONG | N6: 2 | O6: signal | P6: 24133 | Q6: 123.97 | R6: 42.435 | S6: -0.26054265 | T6: 0.0072168562 | U6: 0.0043294475 | V6: 0.0028871118 | W6: 0.0014423356
A7: 0 | B7: JPM | C7: USB | D7: 24135 | E7: 123.91 | F7: 42.44 | G7: 123.92239 | H7: 42.435756 | I7: -1.5368203 | J7: 0.44350025 | K7: 0.080703737 | L7: -0.10450053 | M7: LONG | N7: 11 | O7: signal | P7: 24146 | Q7: 123.97 | R7: 42.425 | S7: 0.47338936 | T7: 0.0064097322 | U7: 0.0035224042 | V7: 0.0028871118 | W7: 0.00063529237
A8: 0 | B8: JPM | C8: USB | D8: 24157 | E8: 123.75 | F8: 42.355 | G8: 123.76238 | H8: 42.350764 | I8: -1.5773892 | J8: 0.44350025 | K8: 0.080808081 | L8: -0.10471025 | M8: LONG | N8: 20 | O8: signal | P8: 24177 | Q8: 123.69 | R8: 42.355 | S8: -0.21399894 | T8: -0.0048484848 | U8: -0.0077350005 | V8: 0.0028871118 | W8: -0.010622112
A9: 0 | B9: JPM | C9: USB | D9: 24183 | E9: 123.85 | F9: 42.365 | G9: 123.83761 | H9: 42.369237 | I9: 1.5049563 | J9: 0.44350025 | K9: -0.080742834 | L9: 0.10468553 | M9: SHORT | N9: 28 | O9: signal | P9: 24211 | Q9: 123.98 | R9: 42.39 | S9: 0.11754797 | T9: -0.0078794301 | U9: -0.010767742 | V9: 0.0028868892 | W9: -0.013654631
A10: 0 | B10: JPM | C10: USB | D10: 24221 | E10: 125.96 | F10: 42.885 | G10: 125.9474 | H10: 42.889288 | I10: 5.0954302 | J10: 0.44350025 | K10: -0.079390283 | L10: 0.10341617 | M10: SHORT | N10: 17 | O10: signal | P10: 24238 | Q10: 125.16 | R10: 42.48 | S10: 0.3822661 | T10: 0.021628676 | U10: 0.018752215 | V10: 0.0028868892 | W10: 0.015865326
A11: 0 | B11: JPM | C11: USB | D11: 24253 | E11: 125.38 | F11: 42.64 | G11: 125.39254 | H11: 42.635736 | I11: -1.5669398 | J11: 0.44350025 | K11: 0.079757537 | L11: -0.10401038 | M11: LONG | N11: 4 | O11: signal | P11: 24257 | Q11: 125.75 | R11: 42.75 | S11: 0.262983 | T11: 0.018069147 | U11: 0.015178051 | V11: 0.0028871118 | W11: 0.01229094
A12: 0 | B12: JPM | C12: USB | D12: 24261 | E12: 125.19 | F12: 42.63 | G12: 125.20252 | H12: 42.625737 | I12: -2.4807127 | J12: 0.44350025 | K12: 0.079878585 | L12: -0.10403478 | M12: LONG | N12: 3 | O12: signal | P12: 24264 | Q12: 125.63 | R12: 42.75 | S12: -0.070223915 | T12: 0.022662404 | U12: 0.01977064 | V12: 0.0028871118 | W12: 0.016883529
A13: 0 | B13: JPM | C13: USB | D13: 24268 | E13: 125.39 | F13: 42.75 | G13: 125.40254 | H13: 42.745725 | I13: -1.7779612 | J13: 0.44350025 | K13: 0.079751176 | L13: -0.10374275 | M13: LONG | N13: 4 | O13: signal | P13: 24272 | Q13: 125.7 | R13: 42.825 | S13: -0.026130971 | T13: 0.016942158 | U13: 0.014051908 | V13: 0.0028871118 | W13: 0.011164796
... A694: 3 | B694: PNC | C694: COF | D694: 39549 | E694: 151.82 | F694: 88.4 | G694: 151.80482 | H694: 88.40884 | I694: 1.7098916 | J694: 0.53007103 | K694: -0.065867475 | L694: 0.059962787 | M694: SHORT | N694: 14 | O694: signal | P694: 39563 | Q694: 152.01 | R694: 88.67 | S694: 0.4348704 | T694: 0.0036751322 | U694: 0.00061211968 | V694: 0.0030600481 | W694: -0.0024479284
A695: 3 | B695: PNC | C695: COF | D695: 39570 | E695: 152.055 | F695: 88.46 | G695: 152.03979 | H695: 88.468846 | I695: 1.9460864 | J695: 0.53007103 | K695: -0.065765677 | L695: 0.059922116 | M695: SHORT | N695: 30 | O695: forced | P695: 39600 | Q695: 152.57 | R695: 88.39 | T695: -0.038063872 | U695: -0.041126981 | V695: 0.0030600481 | W695: -0.044187029
A696: 4 | B696: WFC | C696: PNC | D696: 39601 | E696: 40.36 | F696: 152.675 | G696: 40.364036 | H696: 152.65973 | I696: -5.2946487 | J696: 1.3273183 | K696: 0.24777007 | L696: -0.0869375 | M696: LONG | N696: 23 | O696: signal | P696: 39624 | Q696: 40.47 | R696: 152.94 | S696: -0.49144633 | T696: 0.0042162702 | U696: -0.00044339562 | V696: 0.0046545711 | W696: -0.0050979667
A697: 4 | B697: WFC | C697: PNC | D697: 39630 | E697: 40.58 | F697: 153.54 | G697: 40.584058 | H697: 153.52465 | I697: -2.5002994 | J697: 1.3273183 | K697: 0.24642681 | L697: -0.086447719 | M697: LONG | N697: 40 | O697: signal | P697: 39670 | Q697: 40.71 | R697: 154.32 | S697: -0.42867277 | T697: -0.035393735 | U697: -0.040058318 | V697: 0.0046545711 | W697: -0.044712889
A698: 4 | B698: WFC | C698: PNC | D698: 39671 | E698: 40.85 | F698: 155.19 | G698: 40.854085 | H698: 155.17448 | I698: -2.6610347 | J698: 1.3273183 | K698: 0.24479804 | L698: -0.085528596 | M698: LONG | N698: 16 | O698: signal | P698: 39687 | Q698: 40.63 | R698: 154.83 | S698: -0.48597015 | T698: -0.023065275 | U698: -0.027711447 | V698: 0.0046545711 | W698: -0.032366018
A699: 4 | B699: WFC | C699: PNC | D699: 39733 | E699: 40.8 | F699: 155.815 | G699: 40.80408 | H699: 155.79942 | I699: -1.7417201 | J699: 1.3273183 | K699: 0.24509804 | L699: -0.085185526 | M699: LONG | N699: 14 | O699: signal | P699: 39747 | Q699: 40.79 | R699: 155.76 | S699: -0.35094534 | T699: 0.0022342235 | U699: -0.0024196994 | V699: 0.0046545711 | W699: -0.0070742705
A700: 4 | B700: WFC | C700: PNC | D700: 39757 | E700: 40.675 | F700: 155.65 | G700: 40.679068 | H700: 155.63443 | I700: -1.8549727 | J700: 1.3273183 | K700: 0.24585126 | L700: -0.085275829 | M700: LONG | N700: 6 | O700: signal | P700: 39763 | Q700: 40.655 | R700: 155.41 | S700: 0.31581444 | T700: 0.015549174 | U700: 0.010897075 | V700: 0.0046545711 | W700: 0.0062425044
A701: 4 | B701: WFC | C701: PNC | D701: 39772 | E701: 40.73 | F701: 155.49 | G701: 40.725927 | H701: 155.50555 | I701: 1.6180546 | J701: 1.3273183 | K701: -0.24551927 | L701: 0.085363578 | M701: SHORT | N701: 26 | O701: signal | P701: 39798 | Q701: 40.805 | R701: 155.295 | S701: 0.46433641 | T701: -0.035059843 | U701: -0.039714657 | V701: 0.004654702 | W701: -0.044369359
A702: 4 | B702: WFC | C702: PNC | D702: 39817 | E702: 40.9 | F702: 155.18 | G702: 40.89591 | H702: 155.19552 | I702: 2.4589266 | J702: 1.3273183 | K702: -0.24449878 | L702: 0.085534107 | M702: SHORT | N702: 26 | O702: signal | P702: 39843 | Q702: 40.965 | R702: 155.43 | S702: -0.10221628 | T702: 0.0054911063 | U702: 0.00083274211 | V702: 0.004654702 | W702: -0.0038219599
A703: 4 | B703: WFC | C703: PNC | D703: 39845 | E703: 40.97 | F703: 155.26 | G703: 40.965903 | H703: 155.27553 | I703: 2.3058079 | J703: 1.3273183 | K703: -0.24408103 | L703: 0.085490034 | M703: SHORT | N703: 5 | O703: signal | P703: 39850 | Q703: 40.94 | R703: 155.33 | S703: -0.23796388 | T703: 0.013306733 | U703: 0.0086522307 | V703: 0.004654702 | W703: 0.0039975287
A704: 4 | B704: WFC | C704: PNC | D704: 39860 | E704: 40.97 | F704: 155.255 | G704: 40.965903 | H704: 155.27053 | I704: 1.6346286 | J704: 1.3273183 | K704: -0.24408103 | L704: 0.085492788 | M704: SHORT | N704: 2 | O704: signal | P704: 39862 | Q704: 40.94 | R704: 155.255 | S704: 0.42726095 | T704: 0.007322431 | U704: 0.0026685267 | V704: 0.004654702 | W704: -0.0019861753
A705: 4 | B705: WFC | C705: PNC | D705: 39866 | E705: 40.92 | F705: 154.895 | G705: 40.915908 | H705: 154.91049 | I705: 3.512169 | J705: 1.3273183 | K705: -0.24437928 | L705: 0.085691486 | M705: SHORT | N705: 24 | O705: signal | P705: 39890 | Q705: 40.95 | R705: 154.99 | S705: 0.25517233 | T705: 0.00080931289 | U705: -0.0038468709 | V705: 0.004654702 | W705: -0.0085015729
A706: 4 | B706: WFC | C706: PNC | D706: 39904 | E706: 40.92 | F706: 154.97 | G706: 40.924092 | H706: 154.9545 | I706: -2.0330445 | J706: 1.3273183 | K706: 0.24437928 | L706: -0.085650015 | M706: LONG | N706: 2 | O706: signal | P706: 39906 | Q706: 40.91 | R706: 154.86 | S706: 0.063197208 | T706: 0.0069777088 | U706: 0.0023242588 | V706: 0.0046545711 | W706: -0.0023303123
A707: 4 | B707: WFC | C707: PNC | D707: 39910 | E707: 40.92 | F707: 154.96 | G707: 40.924092 | H707: 154.9445 | I707: -1.6607745 | J707: 1.3273183 | K707: 0.24437928 | L707: -0.085655542 | M707: LONG | N707: 7 | O707: signal | P707: 39917 | Q707: 40.92 | R707: 154.93 | S707: -0.21801585 | T707: 0.0025696663 | U707: -0.0020847133 | V707: 0.0046545711 | W707: -0.0067392844
... A1213: 6 | B1213: JPM | C1213: C | D1213: 51240 | E1213: 143.12 | F1213: 51.185 | G1213: 143.13431 | H1213: 51.179882 | I1213: -2.0187201 | J1213: 0.45865237 | K1213: 0.069871437 | L1213: -0.089606793 | M1213: LONG | N1213: 25 | O1213: signal | P1213: 51265 | Q1213: 142.6 | R1213: 50.92 | S1213: -0.45329725 | T1213: -0.012587347 | U1213: -0.015498644 | V1213: 0.002917413 | W1213: -0.018416057
A1214: 6 | B1214: JPM | C1214: C | D1214: 51290 | E1214: 142.985 | F1214: 51.21 | G1214: 142.9707 | H1214: 51.215121 | I1214: 2.0193441 | J1214: 0.45865237 | K1214: -0.069937406 | L1214: 0.089563048 | M1214: SHORT | N1214: 10 | O1214: forced | P1214: 51300 | Q1214: 143.1 | R1214: 51.17 | T1214: -0.011625324 | U1214: -0.014543074 | V1214: 0.0029171965 | W1214: -0.017460271
A1215: 9 | B1215: BAC | C1215: USB | D1215: 59101 | E1215: 32.495 | F1215: 45.325 | G1215: 32.49825 | H1215: 45.320468 | I1215: -5.2946393 | J1215: 0.71217967 | K1215: 0.30773965 | L1215: -0.15712734 | M1215: LONG | N1215: 23 | O1215: signal | P1215: 59124 | Q1215: 32.535 | R1215: 45.31 | S1215: -0.49156319 | T1215: 0.014666496 | U1215: 0.011241142 | V1215: 0.0034244169 | W1215: 0.0078167247
A1216: 9 | B1216: BAC | C1216: USB | D1216: 59135 | E1216: 32.555 | F1216: 45.295 | G1216: 32.551745 | H1216: 45.299529 | I1216: 2.1493212 | J1216: 0.71217967 | K1216: -0.30717248 | L1216: 0.15723141 | M1216: SHORT | N1216: 3 | O1216: signal | P1216: 59138 | Q1216: 32.54 | R1216: 45.295 | S1216: 0.43093402 | T1216: 0.0046075872 | U1216: 0.0011836886 | V1216: 0.0034243018 | W1216: -0.0022406132
A1217: 9 | B1217: BAC | C1217: USB | D1217: 59139 | E1217: 32.52 | F1217: 45.295 | G1217: 32.523252 | H1217: 45.29047 | I1217: -1.5552672 | J1217: 0.71217967 | K1217: 0.30750308 | L1217: -0.15723141 | M1217: LONG | N1217: 2 | O1217: signal | P1217: 59141 | Q1217: 32.53 | R1217: 45.285 | S1217: -0.10547729 | T1217: 0.0046473448 | U1217: 0.0012228352 | V1217: 0.0034244169 | W1217: -0.0022015817
A1218: 9 | B1218: BAC | C1218: USB | D1218: 59147 | E1218: 32.52 | F1218: 45.305 | G1218: 32.523252 | H1218: 45.30047 | I1218: -1.7251409 | J1218: 0.71217967 | K1218: 0.30750308 | L1218: -0.1571967 | M1218: LONG | N1218: 33 | O1218: signal | P1218: 59180 | Q1218: 32.48 | R1218: 45.315 | S1218: -0.043245876 | T1218: -0.01387209 | U1218: -0.017295377 | V1218: 0.0034244169 | W1218: -0.020719793
A1219: 9 | B1219: BAC | C1219: USB | D1219: 59181 | E1219: 32.46 | F1219: 45.35 | G1219: 32.463246 | H1219: 45.345465 | I1219: -2.0412286 | J1219: 0.71217967 | K1219: 0.30807147 | L1219: -0.15704072 | M1219: LONG | N1219: 4 | O1219: signal | P1219: 59185 | Q1219: 32.5 | R1219: 45.355 | S1219: 0.27961433 | T1219: 0.011537655 | U1219: 0.0081119852 | V1219: 0.0034244169 | W1219: 0.0046875683
A1220: 9 | B1220: BAC | C1220: USB | D1220: 59192 | E1220: 32.525 | F1220: 45.37 | G1220: 32.521747 | H1220: 45.374537 | I1220: 1.6280145 | J1220: 0.71217967 | K1220: -0.3074558 | L1220: 0.15697149 | M1220: SHORT | N1220: 6 | O1220: signal | P1220: 59198 | Q1220: 32.55 | R1220: 45.455 | S1220: 0.092532096 | T1220: 0.0056561819 | U1220: 0.0022297197 | V1220: 0.0034243018 | W1220: -0.0011945821
A1221: 9 | B1221: BAC | C1221: USB | D1221: 59210 | E1221: 32.28 | F1221: 45.09 | G1221: 32.283228 | H1221: 45.085491 | I1221: -3.3704246 | J1221: 0.71217967 | K1221: 0.30978934 | L1221: -0.15794626 | M1221: LONG | N1221: 8 | O1221: signal | P1221: 59218 | Q1221: 32.35 | R1221: 45.06 | S1221: 0.29789108 | T1221: 0.026423642 | U1221: 0.022997588 | V1221: 0.0034244169 | W1221: 0.019573171
A1222: 9 | B1222: BAC | C1222: USB | D1222: 59224 | E1222: 32.11 | F1222: 44.785 | G1222: 32.113211 | H1222: 44.780522 | I1222: -2.5615801 | J1222: 0.71217967 | K1222: 0.31142946 | L1222: -0.15902192 | M1222: LONG | N1222: 14 | O1222: signal | P1222: 59238 | Q1222: 31.975 | R1222: 44.5 | S1222: -0.26322598 | T1222: 0.0032782699 | U1222: -0.00013735304 | V1222: 0.0034244169 | W1222: -0.0035617699
A1223: 9 | B1223: BAC | C1223: USB | D1223: 59241 | E1223: 31.885 | F1223: 44.57 | G1223: 31.888188 | H1223: 44.565543 | I1223: -1.9888139 | J1223: 0.71217967 | K1223: 0.3136271 | L1223: -0.15978902 | M1223: LONG | N1223: 2 | O1223: signal | P1223: 59243 | Q1223: 31.975 | R1223: 44.545 | S1223: -0.28225455 | T1223: 0.032221164 | U1223: 0.028794382 | V1223: 0.0034244169 | W1223: 0.025369965
A1224: 9 | B1224: BAC | C1224: USB | D1224: 59254 | E1224: 31.765 | F1224: 44.385 | G1224: 31.768176 | H1224: 44.380561 | I1224: -2.2048682 | J1224: 0.71217967 | K1224: 0.3148119 | L1224: -0.16045503 | M1224: LONG | N1224: 4 | O1224: signal | P1224: 59258 | Q1224: 31.76 | R1224: 44.245 | S1224: -0.28881098 | T1224: 0.020889645 | U1224: 0.01746769 | V1224: 0.0034244169 | W1224: 0.014043273
A1225: 9 | B1225: BAC | C1225: USB | D1225: 59261 | E1225: 31.825 | F1225: 44.21 | G1225: 31.821818 | H1225: 44.214421 | I1225: 1.8945684 | J1225: 0.71217967 | K1225: -0.31421838 | L1225: 0.16109018 | M1225: SHORT | N1225: 11 | O1225: signal | P1225: 59272 | Q1225: 31.925 | R1225: 44.49 | S1225: 0.076906469 | T1225: 0.013683411 | U1225: 0.010251399 | V1225: 0.0034243018 | W1225: 0.0068270973
A1226: 9 | B1226: BAC | C1226: USB | D1226: 59290 | E1226: 31.87 | F1226: 44.5 | G1226: 31.873187 | H1226: 44.49555 | I1226: -1.6015894 | J1226: 0.71217967 | K1226: 0.31377471 | L1226: -0.16004037 | M1226: LONG | N1226: 51 | O1226: signal | P1226: 59341 | Q1226: 31.235 | R1226: 43.685 | S1226: -0.011309566 | T1226: -0.068814035 | U1226: -0.072205427 | V1226: 0.0034244169 | W1226: -0.075629843
... A1913: 12 | B1913: BAC | C1913: USB | D1913: 74663 | E1913: 27.235 | F1913: 28.93 | G1913: 27.237724 | H1913: 28.927107 | I1913: -2.05218 | J1913: 0.66851149 | K1913: 0.36717459 | L1913: -0.23107898 | M1913: LONG | N1913: 6 | O1913: signal | P1913: 74669 | Q1913: 27.31 | R1913: 28.89 | S1913: -0.24033167 | T1913: 0.036781254 | U1913: 0.033442401 | V1913: 0.0033370893 | W1913: 0.030105312
A1914: 12 | B1914: BAC | C1914: USB | D1914: 74691 | E1914: 27.08 | F1914: 28.38 | G1914: 27.077292 | H1914: 28.382838 | I1914: 2.667193 | J1914: 0.66851149 | K1914: -0.36927622 | L1914: 0.23555726 | M1914: SHORT | N1914: 9 | O1914: forced | P1914: 74700 | Q1914: 27.04 | R1914: 28.37 | T1914: 0.012415476 | U1914: 0.0090801658 | V1914: 0.0033369567 | W1914: 0.0057432092
A1915: 13 | B1915: TFC | C1915: COF | D1915: 74701 | E1915: 26.12 | F1915: 84.245 | G1915: 26.122612 | H1915: 84.236575 | I1915: -5.2946478 | J1915: 2.036457 | K1915: 0.38284839 | L1915: -0.24173031 | M1915: LONG | N1915: 23 | O1915: signal | P1915: 74724 | Q1915: 26.425 | R1915: 84.56 | S1915: -0.49197532 | T1915: 0.040623713 | U1915: 0.034531508 | V1915: 0.0060727067 | W1915: 0.028458801
A1916: 13 | B1916: TFC | C1916: COF | D1916: 74734 | E1916: 26.36 | F1916: 84.52 | G1916: 26.362636 | H1916: 84.511548 | I1916: -1.5058831 | J1916: 2.036457 | K1916: 0.37936267 | L1916: -0.2409438 | M1916: LONG | N1916: 13 | O1916: signal | P1916: 74747 | Q1916: 26.15 | R1916: 84.19 | S1916: -0.055783759 | T1916: -0.00015470788 | U1916: -0.0062117041 | V1916: 0.0060727067 | W1916: -0.012284411
A1917: 13 | B1917: TFC | C1917: COF | D1917: 74762 | E1917: 26.02 | F1917: 84.4 | G1917: 26.022602 | H1917: 84.39156 | I1917: -2.7448033 | J1917: 2.036457 | K1917: 0.38431975 | L1917: -0.24128637 | M1917: LONG | N1917: 26 | O1917: signal | P1917: 74788 | Q1917: 25.93 | R1917: 84.58 | S1917: -0.49558019 | T1917: -0.078020325 | U1917: -0.084094123 | V1917: 0.0060727067 | W1917: -0.09016683
A1918: 13 | B1918: TFC | C1918: COF | D1918: 74794 | E1918: 25.995 | F1918: 84.825 | G1918: 25.997599 | H1918: 84.816518 | I1918: -1.7638158 | J1918: 2.036457 | K1918: 0.38468936 | L1918: -0.24007745 | M1918: LONG | N1918: 4 | O1918: signal | P1918: 74798 | Q1918: 25.965 | R1918: 84.68 | S1918: -0.44614124 | T1918: 0.023270549 | U1918: 0.017202271 | V1918: 0.0060727067 | W1918: 0.011129564
A1919: 13 | B1919: TFC | C1919: COF | D1919: 74807 | E1919: 26.07 | F1919: 84.62 | G1919: 26.067393 | H1919: 84.628462 | I1919: 2.725211 | J1919: 2.036457 | K1919: -0.38358266 | L1919: 0.24065906 | M1919: SHORT | N1919: 18 | O1919: signal | P1919: 74825 | Q1919: 26.42 | R1919: 85.04 | S1919: 0.48555534 | T1919: -0.033177126 | U1919: -0.039273573 | V1919: 0.0060731212 | W1919: -0.045346694
A1920: 13 | B1920: TFC | C1920: COF | D1920: 74841 | E1920: 26.345 | F1920: 85.105 | G1920: 26.347634 | H1920: 85.096489 | I1920: -1.6138986 | J1920: 2.036457 | K1920: 0.37957867 | L1920: -0.23928758 | M1920: LONG | N1920: 18 | O1920: signal | P1920: 74859 | Q1920: 26.515 | R1920: 85.55 | S1920: -0.04572111 | T1920: -0.041954601 | U1920: -0.048044616 | V1920: 0.0060727067 | W1920: -0.054117322
A1921: 13 | B1921: TFC | C1921: COF | D1921: 74867 | E1921: 26.26 | F1921: 85.505 | G1921: 26.262626 | H1921: 85.496449 | I1921: -1.5130728 | J1921: 2.036457 | K1921: 0.38080731 | L1921: -0.23816817 | M1921: LONG | N1921: 17 | O1921: signal | P1921: 74884 | Q1921: 27.38 | R1921: 87.38 | S1921: -0.12515557 | T1921: -0.020061137 | U1921: -0.026221358 | V1921: 0.0060727067 | W1921: -0.032294065
A1922: 13 | B1922: TFC | C1922: COF | D1922: 74886 | E1922: 27.35 | F1922: 88.34 | G1922: 27.352735 | H1922: 88.331166 | I1922: -2.7513482 | J1922: 2.036457 | K1922: 0.36563071 | L1922: -0.2305249 | M1922: LONG | N1922: 13 | O1922: signal | P1922: 74899 | Q1922: 27.345 | R1922: 88.2 | S1922: -0.34153412 | T1922: 0.030445333 | U1922: 0.024375829 | V1922: 0.0060727067 | W1922: 0.018303122
A1923: 13 | B1923: TFC | C1923: COF | D1923: 74934 | E1923: 27.89 | F1923: 88.42 | G1923: 27.887211 | H1923: 88.428842 | I1923: 1.8425112 | J1923: 2.036457 | K1923: -0.35855145 | L1923: 0.23031633 | M1923: SHORT | N1923: 79 | O1923: signal | P1923: 75013 | Q1923: 28.53 | R1923: 87.47 | S1923: 0.39061318 | T1923: -0.44827344 | U1923: -0.45434742 | V1923: 0.0060731212 | W1923: -0.46042054
A1924: 13 | B1924: TFC | C1924: COF | D1924: 75017 | E1924: 28.505 | F1924: 87.64 | G1924: 28.50785 | H1924: 87.631236 | I1924: -1.7880527 | J1924: 2.036457 | K1924: 0.35081565 | L1924: -0.23236615 | M1924: LONG | N1924: 10 | O1924: signal | P1924: 75027 | Q1924: 28.595 | R1924: 87.73 | S1924: -0.46575547 | T1924: 0.010660454 | U1924: 0.0045822918 | V1924: 0.0060727067 | W1924: -0.0014904149
A1925: 13 | B1925: TFC | C1925: COF | D1925: 75043 | E1925: 28.54 | F1925: 87.87 | G1925: 28.542854 | H1925: 87.861213 | I1925: -1.8055082 | J1925: 2.036457 | K1925: 0.35038542 | L1925: -0.23175793 | M1925: LONG | N1925: 22 | O1925: signal | P1925: 75065 | Q1925: 28.58 | R1925: 88.13 | S1925: -0.46747041 | T1925: -0.046241646 | U1925: -0.052321987 | V1925: 0.0060727067 | W1925: -0.058394694
A1926: 13 | B1926: TFC | C1926: COF | D1926: 75073 | E1926: 28.3 | F1926: 87.95 | G1926: 28.30283 | H1926: 87.941205 | I1926: -1.8964369 | J1926: 2.036457 | K1926: 0.35335689 | L1926: -0.23154713 | M1926: LONG | N1926: 2 | O1926: signal | P1926: 75075 | Q1926: 28.305 | R1926: 87.73 | S1926: 0.14337046 | T1926: 0.052707152 | U1926: 0.046639156 | V1926: 0.0060727067 | W1926: 0.040566449
... A2475: 15 | B2475: TFC | C2475: PNC | D2475: 86368 | E2475: 31.71 | F2475: 128.29 | G2475: 31.706829 | H2475: 128.30283 | I2475: 1.6229023 | J2475: 1.643807 | K2475: -0.31535793 | L2475: 0.12813212 | M2475: SHORT | N2475: 24 | O2475: signal | P2475: 86392 | Q2475: 31.83 | R2475: 128.56 | S2475: -0.39584154 | T2475: -0.0032472783 | U2475: -0.0085421362 | V2475: 0.0052877428 | W2475: -0.013829879
A2476: 15 | B2476: TFC | C2476: PNC | D2476: 86393 | E2476: 31.82 | F2476: 128.69 | G2476: 31.823182 | H2476: 128.67713 | I2476: -1.9167096 | J2476: 1.643807 | K2476: 0.31426776 | L2476: -0.12773386 | M2476: LONG | N2476: 7 | O2476: forced | P2476: 86400 | Q2476: 31.84 | R2476: 128.695 | T2476: 0.0056466858 | U2476: 0.0003583794 | V2476: 0.0052874853 | W2476: -0.0049291059
A2477: 16 | B2477: GS | C2477: WFC | D2477: 86401 | E2477: 339.55 | F2477: 42.39 | G2477: 339.51605 | H2477: 42.394239 | I2477: 5.294649 | J2477: 0.39336294 | K2477: -0.029450744 | L2477: 0.092796163 | M2477: SHORT | N2477: 23 | O2477: signal | P2477: 86424 | Q2477: 338.75 | R2477: 42.375 | S2477: 0.49139608 | T2477: 0.022168652 | U2477: 0.019384422 | V2477: 0.0027866045 | W2477: 0.016597817
A2478: 16 | B2478: GS | C2478: WFC | D2478: 86444 | E2478: 338.51 | F2478: 42.32 | G2478: 338.54385 | H2478: 42.315768 | I2478: -1.6694756 | J2478: 0.39336294 | K2478: 0.029541225 | L2478: -0.092949654 | M2478: LONG | N2478: 10 | O2478: signal | P2478: 86454 | Q2478: 338.61 | R2478: 42.33 | S2478: -0.19823903 | T2478: 0.0020246259 | U2478: -0.00076248829 | V2478: 0.0027868472 | W2478: -0.0035493355
A2479: 16 | B2479: GS | C2479: WFC | D2479: 86465 | E2479: 338.05 | F2479: 42.35 | G2479: 338.0838 | H2479: 42.345765 | I2479: -3.3117415 | J2479: 0.39336294 | K2479: 0.029581423 | L2479: -0.09288381 | M2479: LONG | N2479: 32 | O2479: signal | P2479: 86497 | Q2479: 337.7 | R2479: 42.305 | S2479: -0.0043230255 | T2479: -0.0061737266 | U2479: -0.0089589991 | V2479: 0.0027868472 | W2479: -0.011745846
A2480: 16 | B2480: GS | C2480: WFC | D2480: 86502 | E2480: 337.91 | F2480: 42.3 | G2480: 337.87621 | H2480: 42.30423 | I2480: 1.7533022 | J2480: 0.39336294 | K2480: -0.029593679 | L2480: 0.092993602 | M2480: SHORT | N2480: 4 | O2480: signal | P2480: 86506 | Q2480: 337.67 | R2480: 42.33 | S2480: -0.36042484 | T2480: 0.009892291 | U2480: 0.0071059964 | V2480: 0.0027866045 | W2480: 0.0043193918
A2481: 16 | B2481: GS | C2481: WFC | D2481: 86524 | E2481: 337.355 | F2481: 42.305 | G2481: 337.38874 | H2481: 42.30077 | I2481: -1.5737331 | J2481: 0.39336294 | K2481: 0.029642365 | L2481: -0.092982611 | M2481: LONG | N2481: 3 | O2481: signal | P2481: 86527 | Q2481: 337.49 | R2481: 42.285 | S2481: -0.14071825 | T2481: 0.0058613715 | U2481: 0.0030744314 | V2481: 0.0027868472 | W2481: 0.0002875842
A2482: 16 | B2482: GS | C2482: WFC | D2482: 86535 | E2482: 337.25 | F2482: 42.275 | G2482: 337.28372 | H2482: 42.270773 | I2482: -2.2728531 | J2482: 0.39336294 | K2482: 0.029651594 | L2482: -0.093048595 | M2482: LONG | N2482: 28 | O2482: signal | P2482: 86563 | Q2482: 337.975 | R2482: 42.34 | S2482: 0.43967854 | T2482: 0.015449247 | U2482: 0.012659766 | V2482: 0.0027868472 | W2482: 0.0098729192
A2483: 16 | B2483: GS | C2483: WFC | D2483: 86572 | E2483: 338.19 | F2483: 42.315 | G2483: 338.15618 | H2483: 42.319232 | I2483: 1.6347058 | J2483: 0.39336294 | K2483: -0.029569177 | L2483: 0.092960637 | M2483: SHORT | N2483: 2 | O2483: signal | P2483: 86574 | Q2483: 337.99 | R2483: 42.31 | S2483: 0.16589363 | T2483: 0.0054490322 | U2483: 0.0026629442 | V2483: 0.0027866045 | W2483: -0.00012366032
A2484: 16 | B2484: GS | C2484: WFC | D2484: 86575 | E2484: 338.135 | F2484: 42.27 | G2484: 338.10119 | H2484: 42.274227 | I2484: 2.1264701 | J2484: 0.39336294 | K2484: -0.029573987 | L2484: 0.093059601 | M2484: SHORT | N2484: 3 | O2484: signal | P2484: 86578 | Q2484: 338 | R2484: 42.27 | S2484: 0.35008788 | T2484: 0.0039924882 | U2484: 0.0012061616 | V2484: 0.0027866045 | W2484: -0.001580443
A2485: 16 | B2485: GS | C2485: WFC | D2485: 86580 | E2485: 338.29 | F2485: 42.21 | G2485: 338.25617 | H2485: 42.214221 | I2485: 2.2798834 | J2485: 0.39336294 | K2485: -0.029560436 | L2485: 0.093191882 | M2485: SHORT | N2485: 29 | O2485: signal | P2485: 86609 | Q2485: 333.26 | R2485: 41.7 | S2485: -0.2439422 | T2485: 0.10116113 | U2485: 0.09839403 | V2485: 0.0027866045 | W2485: 0.095607426
A2486: 16 | B2486: GS | C2486: WFC | D2486: 86611 | E2486: 331.72 | F2486: 41.635 | G2486: 331.75317 | H2486: 41.630836 | I2486: -2.7748568 | J2486: 0.39336294 | K2486: 0.030145906 | L2486: -0.094478908 | M2486: LONG | N2486: 48 | O2486: signal | P2486: 86659 | Q2486: 329.82 | R2486: 41.44 | S2486: 0.40463868 | T2486: -0.038853835 | U2486: -0.04163299 | V2486: 0.0027868472 | W2486: -0.044419838
A2487: 16 | B2487: GS | C2487: WFC | D2487: 86673 | E2487: 330.75 | F2487: 41.69 | G2487: 330.71693 | H2487: 41.694169 | I2487: 1.6403088 | J2487: 0.39336294 | K2487: -0.030234316 | L2487: 0.094354266 | M2487: SHORT | N2487: 14 | O2487: signal | P2487: 86687 | Q2487: 330.645 | R2487: 41.755 | S2487: -0.012192026 | T2487: 0.0093076305 | U2487: 0.0065206088 | V2487: 0.0027866045 | W2487: 0.0037340042
A2488: 16 | B2488: GS | C2488: WFC | D2488: 86714 | E2488: 329.92 | F2488: 41.715 | G2488: 329.95299 | H2488: 41.710828 | I2488: -1.8684358 | J2488: 0.39336294 | K2488: 0.030310378 | L2488: -0.094297719 | M2488: LONG | N2488: 12 | O2488: signal | P2488: 86726 | Q2488: 330.225 | R2488: 41.735 | S2488: -0.19207704 | T2488: 0.007358711 | U2488: 0.0045708721 | V2488: 0.0027868472 | W2488: 0.0017840249
... A2631: 16 | B2631: GS | C2631: WFC | D2631: 90256 | E2631: 328.25 | F2631: 43.515 | G2631: 328.28282 | H2631: 43.510649 | I2631: -1.7261169 | J2631: 0.39336294 | K2631: 0.030464585 | L2631: -0.09039709 | M2631: LONG | N2631: 34 | O2631: signal | P2631: 90290 | Q2631: 326.27 | R2631: 43.25 | S2631: -0.47201992 | T2631: -0.036364649 | U2631: -0.039142948 | V2631: 0.0027868472 | W2631: -0.041929795
A2632: 16 | B2632: GS | C2632: WFC | D2632: 90299 | E2632: 325.87 | F2632: 43.28 | G2632: 325.90259 | H2632: 43.275672 | I2632: -1.9420811 | J2632: 0.39336294 | K2632: 0.030687084 | L2632: -0.090887924 | M2632: LONG | N2632: 1 | O2632: forced | P2632: 90300 | Q2632: 325.77 | R2632: 43.305 | T2632: -0.0053409065 | U2632: -0.0081275527 | V2632: 0.0027868472 | W2632: -0.0109144
A2633: 17 | B2633: MS | C2633: PNC | D2633: 90301 | E2633: 86.305 | F2633: 127.63 | G2633: 86.313631 | H2633: 127.61724 | I2633: -5.2946439 | J2633: 0.52680924 | K2633: 0.11586814 | L2633: -0.041276286 | M2633: LONG | N2633: 23 | O2633: signal | P2633: 90324 | Q2633: 85.67 | R2633: 125.81 | S2633: -0.48934515 | T2633: 0.0015465712 | U2633: -0.0014921774 | V2633: 0.0030537131 | W2633: -0.0045458905
A2634: 17 | B2634: MS | C2634: PNC | D2634: 90361 | E2634: 85.52 | F2634: 126.24 | G2634: 85.528552 | H2634: 126.22738 | I2634: -1.7158343 | J2634: 0.52680924 | K2634: 0.11693171 | L2634: -0.04173077 | M2634: LONG | N2634: 3 | O2634: signal | P2634: 90364 | Q2634: 85.63 | R2634: 126.24 | S2634: 0.31021753 | T2634: 0.012862488 | U2634: 0.0098075836 | V2634: 0.0030537131 | W2634: 0.0067538704
A2635: 17 | B2635: MS | C2635: PNC | D2635: 90379 | E2635: 85.64 | F2635: 126.515 | G2635: 85.648564 | H2635: 126.50235 | I2635: -2.356723 | J2635: 0.52680924 | K2635: 0.11676787 | L2635: -0.041640062 | M2635: LONG | N2635: 22 | O2635: signal | P2635: 90401 | Q2635: 85.8 | R2635: 127.16 | S2635: -0.41268415 | T2635: -0.0081749815 | U2635: -0.011233154 | V2635: 0.0030537131 | W2635: -0.014286867
A2636: 17 | B2636: MS | C2636: PNC | D2636: 90413 | E2636: 85.95 | F2636: 127.29 | G2636: 85.941405 | H2636: 127.30273 | I2636: 2.4022045 | J2636: 0.52680924 | K2636: -0.11634671 | L2636: 0.041386538 | M2636: SHORT | N2636: 7 | O2636: signal | P2636: 90420 | Q2636: 86.04 | R2636: 127.82 | S2636: 0.19926955 | T2636: 0.011463661 | U2636: 0.0084068019 | V2636: 0.0030535239 | W2636: 0.0053532781
A2637: 17 | B2637: MS | C2637: PNC | D2637: 90421 | E2637: 86.19 | F2637: 127.74 | G2637: 86.181381 | H2637: 127.75277 | I2637: 2.0364675 | J2637: 0.52680924 | K2637: -0.11602274 | L2637: 0.041240742 | M2637: SHORT | N2637: 29 | O2637: signal | P2637: 90450 | Q2637: 86 | R2637: 127.495 | S2637: -0.45978763 | T2637: 0.011940339 | U2637: 0.0088899351 | V2637: 0.0030535239 | W2637: 0.0058364113
A2638: 17 | B2638: MS | C2638: PNC | D2638: 90482 | E2638: 85.995 | F2638: 127.35 | G2638: 85.986401 | H2638: 127.36273 | I2638: 1.5395215 | J2638: 0.52680924 | K2638: -0.11628583 | L2638: 0.041367039 | M2638: SHORT | N2638: 2 | O2638: signal | P2638: 90484 | Q2638: 85.955 | R2638: 127.35 | S2638: 0.26716944 | T2638: 0.0046514332 | U2638: 0.0015982799 | V2638: 0.0030535239 | W2638: -0.001455244
A2639: 17 | B2639: MS | C2639: PNC | D2639: 90486 | E2639: 85.86 | F2639: 127.35 | G2639: 85.868586 | H2639: 127.33726 | I2639: -2.4684584 | J2639: 0.52680924 | K2639: 0.11646867 | L2639: -0.041367039 | M2639: LONG | N2639: 9 | O2639: signal | P2639: 90495 | Q2639: 85.855 | R2639: 127.23 | S2639: -0.32370434 | T2639: 0.0043817014 | U2639: 0.0013286375 | V2639: 0.0030537131 | W2639: -0.0017250756
A2640: 17 | B2640: MS | C2640: PNC | D2640: 90503 | E2640: 85.935 | F2640: 127.15 | G2640: 85.926406 | H2640: 127.16272 | I2640: 1.6657405 | J2640: 0.52680924 | K2640: -0.11636702 | L2640: 0.041432107 | M2640: SHORT | N2640: 17 | O2640: signal | P2640: 90520 | Q2640: 85.96 | R2640: 127.26 | S2640: 0.45326884 | T2640: 0.0016483563 | U2640: -0.0014060089 | V2640: 0.0030535239 | W2640: -0.0044595327
A2641: 17 | B2641: MS | C2641: PNC | D2641: 90549 | E2641: 85.905 | F2641: 127.08 | G2641: 85.89641 | H2641: 127.09271 | I2641: 1.9641801 | J2641: 0.52680924 | K2641: -0.11640766 | L2641: 0.04145493 | M2641: SHORT | N2641: 26 | O2641: signal | P2641: 90575 | Q2641: 86.01 | R2641: 127.2 | S2641: 0.17713186 | T2641: -0.0072482127 | U2641: -0.010303551 | V2641: 0.0030535239 | W2641: -0.013357075
A2642: 17 | B2642: MS | C2642: PNC | D2642: 90578 | E2642: 85.895 | F2642: 127.23 | G2642: 85.90359 | H2642: 127.21728 | I2642: -2.403031 | J2642: 0.52680924 | K2642: 0.11642121 | L2642: -0.041406056 | M2642: LONG | N2642: 9 | O2642: signal | P2642: 90587 | Q2642: 85.99 | R2642: 127.25 | S2642: -0.14200175 | T2642: 0.010231894 | U2642: 0.0071770867 | V2642: 0.0030537131 | W2642: 0.0041233736
A2643: 17 | B2643: MS | C2643: PNC | D2643: 90594 | E2643: 85.94 | F2643: 126.71 | G2643: 85.931406 | H2643: 126.72267 | I2643: 1.5057573 | J2643: 0.52680924 | K2643: -0.11636025 | L2643: 0.04157598 | M2643: SHORT | N2643: 15 | O2643: signal | P2643: 90609 | Q2643: 86.01 | R2643: 127.02 | S2643: 0.48266087 | T2643: 0.0047433362 | U2643: 0.0016876144 | V2643: 0.0030535239 | W2643: -0.0013659095
A2644: 17 | B2644: MS | C2644: PNC | D2644: 90626 | E2644: 86.04 | F2644: 126.94 | G2644: 86.031396 | H2644: 126.95269 | I2644: 2.0117887 | J2644: 0.52680924 | K2644: -0.11622501 | L2644: 0.041500649 | M2644: SHORT | N2644: 12 | O2644: signal | P2644: 90638 | Q2644: 86.02 | R2644: 126.94 | S2644: 0.10871035 | T2644: 0.0023245002 | U2644: -0.00072888581 | V2644: 0.0030535239 | W2644: -0.0037824097
... A3922: 25 | B3922: GS | C3922: MS | D3922: 125351 | E3922: 324.13 | F3922: 75.945 | G3922: 324.16241 | H3922: 75.937406 | I3922: -2.5323925 | J3922: 0.7326656 | K3922: 0.030851819 | L3922: -0.096473185 | M3922: LONG | N3922: 23 | O3922: signal | P3922: 125374 | Q3922: 324.13 | R3922: 75.95 | S3922: 0.13055713 | T3922: -0.00048236592 | U3922: -0.0039477454 | V3922: 0.0034653847 | W3922: -0.00741313
A3923: 25 | B3923: GS | C3923: MS | D3923: 125382 | E3923: 324.3 | F3923: 75.95 | G3923: 324.26757 | H3923: 75.957595 | I3923: 2.047159 | J3923: 0.7326656 | K3923: -0.030835646 | L3923: 0.096466833 | M3923: SHORT | N3923: 18 | O3923: forced | P3923: 125400 | Q3923: 324.58 | R3923: 75.98 | T3923: -0.0057399759 | U3923: -0.0092064599 | V3923: 0.0034652777 | W3923: -0.012671738
A3924: 26 | B3924: GS | C3924: PNC | D3924: 125401 | E3924: 324.58 | F3924: 119.84 | G3924: 324.61246 | H3924: 119.82802 | I3924: -5.2946402 | J3924: 0.99112508 | K3924: 0.030809046 | L3924: -0.082704029 | M3924: LONG | N3924: 23 | O3924: signal | P3924: 125424 | Q3924: 324.77 | R3924: 120.4 | S3924: -0.49696701 | T3924: -0.040460537 | U3924: -0.044448004 | V3924: 0.0039822519 | W3924: -0.048430256
A3925: 26 | B3925: GS | C3925: PNC | D3925: 125433 | E3925: 324.28 | F3925: 120.305 | G3925: 324.31243 | H3925: 120.29297 | I3925: -1.5037138 | J3925: 0.99112508 | K3925: 0.030837548 | L3925: -0.082384363 | M3925: LONG | N3925: 21 | O3925: signal | P3925: 125454 | Q3925: 325.12 | R3925: 120.505 | S3925: 0.28984847 | T3925: 0.0094266676 | U3925: 0.0054401794 | V3925: 0.0039822519 | W3925: 0.0014579274
A3926: 26 | B3926: GS | C3926: PNC | D3926: 125472 | E3926: 324.01 | F3926: 120.33 | G3926: 324.0424 | H3926: 120.31797 | I3926: -1.7410717 | J3926: 0.99112508 | K3926: 0.030863245 | L3926: -0.082367247 | M3926: LONG | N3926: 3 | O3926: signal | P3926: 125475 | Q3926: 324.01 | R3926: 119.92 | S3926: 0.3697179 | T3926: 0.033770571 | U3926: 0.029791698 | V3926: 0.0039822519 | W3926: 0.025809446
A3927: 26 | B3927: GS | C3927: PNC | D3927: 125476 | E3927: 323.96 | F3927: 119.65 | G3927: 323.9276 | H3927: 119.66196 | I3927: 1.8783546 | J3927: 0.99112508 | K3927: -0.030868008 | L3927: 0.08283536 | M3927: SHORT | N3927: 2 | O3927: signal | P3927: 125478 | Q3927: 324.02 | R3927: 119.905 | S3927: 0.35839561 | T3927: 0.019270936 | U3927: 0.015286389 | V3927: 0.0039822484 | W3927: 0.01130414
A3928: 26 | B3928: GS | C3928: PNC | D3928: 125488 | E3928: 323.93 | F3928: 119.545 | G3928: 323.89761 | H3928: 119.55695 | I3928: 2.1364588 | J3928: 0.99112508 | K3928: -0.030870867 | L3928: 0.082908116 | M3928: SHORT | N3928: 4 | O3928: signal | P3928: 125492 | Q3928: 323.93 | R3928: 119.76 | S3928: 0.47807696 | T3928: 0.017825245 | U3928: 0.013841212 | V3928: 0.0039822484 | W3928: 0.009858964
A3929: 26 | B3929: GS | C3929: PNC | D3929: 125514 | E3929: 323.55 | F3929: 119.955 | G3929: 323.58235 | H3929: 119.943 | I3929: -2.4367162 | J3929: 0.99112508 | K3929: 0.030907124 | L3929: -0.082624741 | M3929: LONG | N3929: 6 | O3929: signal | P3929: 125520 | Q3929: 324.33 | R3929: 120 | S3929: 0.21604049 | T3929: 0.020389443 | U3929: 0.016404411 | V3929: 0.0039822519 | W3929: 0.012422159
A3930: 26 | B3930: GS | C3930: PNC | D3930: 125533 | E3930: 325.31 | F3930: 120.02 | G3930: 325.27747 | H3930: 120.032 | I3930: 1.9705813 | J3930: 0.99112508 | K3930: -0.03073991 | L3930: 0.082579993 | M3930: SHORT | N3930: 20 | O3930: signal | P3930: 125553 | Q3930: 324.68 | R3930: 119.82 | S3930: -0.15083862 | T3930: 0.0028501444 | U3930: -0.0011285175 | V3930: 0.0039822484 | W3930: -0.0051107659
A3931: 26 | B3931: GS | C3931: PNC | D3931: 125574 | E3931: 324.78 | F3931: 120.04 | G3931: 324.81248 | H3931: 120.028 | I3931: -3.4886787 | J3931: 0.99112508 | K3931: 0.030790073 | L3931: -0.082566234 | M3931: LONG | N3931: 13 | O3931: signal | P3931: 125587 | Q3931: 324.85 | R3931: 119.82 | S3931: -0.12536648 | T3931: 0.020319877 | U3931: 0.016339227 | V3931: 0.0039822519 | W3931: 0.012356976
A3932: 26 | B3932: GS | C3932: PNC | D3932: 125589 | E3932: 324.74 | F3932: 120.02 | G3932: 324.77247 | H3932: 120.008 | I3932: -2.1156234 | J3932: 0.99112508 | K3932: 0.030793866 | L3932: -0.082579993 | M3932: LONG | N3932: 16 | O3932: signal | P3932: 125605 | Q3932: 325.05 | R3932: 120.02 | S3932: -0.2028638 | T3932: 0.0095460984 | U3932: 0.0055628937 | V3932: 0.0039822519 | W3932: 0.0015806417
A3933: 26 | B3933: GS | C3933: PNC | D3933: 125615 | E3933: 324.5 | F3933: 120.18 | G3933: 324.53245 | H3933: 120.16798 | I3933: -2.4848077 | J3933: 0.99112508 | K3933: 0.030816641 | L3933: -0.082470051 | M3933: LONG | N3933: 28 | O3933: signal | P3933: 125643 | Q3933: 324.95 | R3933: 120.41 | S3933: 0.11990304 | T3933: -0.0051006234 | U3933: -0.0090861571 | V3933: 0.0039822519 | W3933: -0.013068409
A3934: 26 | B3934: GS | C3934: PNC | D3934: 125647 | E3934: 324.4 | F3934: 120.05 | G3934: 324.36756 | H3934: 120.062 | I3934: 2.2230158 | J3934: 0.99112508 | K3934: -0.030826141 | L3934: 0.082559357 | M3934: SHORT | N3934: 18 | O3934: signal | P3934: 125665 | Q3934: 323.21 | R3934: 119.71 | S3934: 0.33496602 | T3934: 0.008612926 | U3934: 0.0046371512 | V3934: 0.0039822484 | W3934: 0.00065490277
A3935: 26 | B3935: GS | C3935: PNC | D3935: 125674 | E3935: 323.68 | F3935: 119.68 | G3935: 323.64763 | H3935: 119.69197 | I3935: 1.5214683 | J3935: 0.99112508 | K3935: -0.030894711 | L3935: 0.082814595 | M3935: SHORT | N3935: 29 | O3935: signal | P3935: 125703 | Q3935: 321.8 | R3935: 119.04 | S3935: -0.2184356 | T3935: 0.0050807153 | U3935: 0.0011095735 | V3935: 0.0039822484 | W3935: -0.0028726749
... A4076: 26 | B4076: GS | C4076: PNC | D4076: 129284 | E4076: 338.74 | F4076: 127.7 | G4076: 338.70613 | H4076: 127.71277 | I4076: 1.5548592 | J4076: 0.99112508 | K4076: -0.029521167 | L4076: 0.077613553 | M4076: SHORT | N4076: 3 | O4076: signal | P4076: 129287 | Q4076: 338.695 | R4076: 127.77 | S4076: 0.49658655 | T4076: 0.0067614012 | U4076: 0.0027787406 | V4076: 0.0039822484 | W4076: -0.0012035077
A4077: 26 | B4077: GS | C4077: PNC | D4077: 129298 | E4077: 338.215 | F4077: 127.72 | G4077: 338.24882 | H4077: 127.70723 | I4077: -1.9383898 | J4077: 0.99112508 | K4077: 0.029566991 | L4077: -0.0776014 | M4077: LONG | N4077: 2 | O4077: forced | P4077: 129300 | Q4077: 338.4 | R4077: 127.755 | T4077: 0.0027538444 | U4077: -0.0012292243 | V4077: 0.0039822519 | W4077: -0.0052114763
A4078: 29 | B4078: C | C4078: WFC | D4078: 137101 | E4078: 51 | F4078: 49.5 | G4078: 51.0051 | H4078: 49.49505 | I4078: -5.2946437 | J4078: 1.0823253 | K4078: 0.19607843 | L4078: -0.21865158 | M4078: LONG | N4078: 23 | O4078: signal | P4078: 137124 | Q4078: 50.975 | R4078: 49.55 | S4078: -0.49266404 | T4078: -0.01583454 | U4078: -0.019999794 | V4078: 0.0041646342 | W4078: -0.024164428
...

Sheet Analysis
L1: Exit timestamp | M1: Cumulative Gross PnL | N1: Cumulative Slipped PnL | O1: Cumulative Net PnL | Q1: min holding minutes | R1: max holding minutes | S1: Mean Net PnL | T1: Number of trades
B2: Rough Analysis of the baseline strategy | J2: Figures | L2: =Trades!P2 -> 24045 | M2: =Trades!T2 -> -0.003549022 | N2: =Trades!U2 -> -0.0064362968 | O2: =Trades!W2 -> -0.0093234086 | Q2: 0 | R2: 3 | S2: =AVERAGEIFS(Trades!W:W,Trades!N:N,">="&Q2,Trades!N:N,"<="&R2) -> 0.0052277562 | T2: =COUNTIFS(Trades!N:N,">="&Q2,Trades!N:N,"<="&R2) -> 2171
L3: =Trades!P3 -> 24082 | M3: =M2+Trades!T3 -> -0.0019071564 | N3: =N2+Trades!U3 -> -0.0076847413 | O3: =O2+Trades!W3 -> -0.013458965 | Q3: 4 | R3: 7 | S3: =AVERAGEIFS(Trades!W:W,Trades!N:N,">="&Q3,Trades!N:N,"<="&R3) -> 0.0052270235 | T3: =COUNTIFS(Trades!N:N,">="&Q3,Trades!N:N,"<="&R3) -> 2304
B4: Column1 | C4: Gross | D4: Slipped | E4: Net (Transaction costs) | L4: =Trades!P4 -> 24093 | M4: =M3+Trades!T4 -> 0.0068808751 | N4: =N3+Trades!U4 -> -0.0017857384 | O4: =O3+Trades!W4 -> -0.010447074 | Q4: 8 | R4: 11 | S4: =AVERAGEIFS(Trades!W:W,Trades!N:N,">="&Q4,Trades!N:N,"<="&R4) -> 0.0023024376 | T4: =COUNTIFS(Trades!N:N,">="&Q4,Trades!N:N,"<="&R4) -> 1512
B5: Overall PnL | C5: =SUM(Trades!T2:T9652) -> 46.618463 | D5: =SUM(Trades!U2:U9652) -> 11.60472 | E5: =SUM(Trades!W2:W9652) -> -23.408147 | L5: =Trades!P5 -> 24116 | M5: =M4+Trades!T5 -> 0.013233634 | N5: =N4+Trades!U5 -> 0.0016800288 | O5: =O4+Trades!W5 -> -0.0098681958 | Q5: 12 | R5: 15 | S5: =AVERAGEIFS(Trades!W:W,Trades!N:N,">="&Q5,Trades!N:N,"<="&R5) -> -0.0021627422 | T5: =COUNTIFS(Trades!N:N,">="&Q5,Trades!N:N,"<="&R5) -> 1084
B6: Mean PnL | C6: =AVERAGE(Trades!T:T) -> 0.0048304283 | D6: =AVERAGE(Trades!U:U) -> 0.001202437 | E6: =AVERAGE(Trades!W:W) -> -0.0024254634 | L6: =Trades!P6 -> 24133 | M6: =M5+Trades!T6 -> 0.02045049 | N6: =N5+Trades!U6 -> 0.0060094763 | O6: =O5+Trades!W6 -> -0.0084258602 | Q6: 16 | R6: 19 | S6: =AVERAGEIFS(Trades!W:W,Trades!N:N,">="&Q6,Trades!N:N,"<="&R6) -> -0.0080257974 | T6: =COUNTIFS(Trades!N:N,">="&Q6,Trades!N:N,"<="&R6) -> 796
B7: Median PnL | C7: =MEDIAN(Trades!T:T) -> 0.0069323281 | D7: =MEDIAN(Trades!U:U) -> 0.0033873557 | E7: =MEDIAN(Trades!W:W) -> -0.00014851146 | L7: =Trades!P7 -> 24146 | M7: =M6+Trades!T7 -> 0.026860222 | N7: =N6+Trades!U7 -> 0.0095318804 | O7: =O6+Trades!W7 -> -0.0077905678 | Q7: 20 | R7: 23 | S7: =AVERAGEIFS(Trades!W:W,Trades!N:N,">="&Q7,Trades!N:N,"<="&R7) -> -0.011769587 | T7: =COUNTIFS(Trades!N:N,">="&Q7,Trades!N:N,"<="&R7) -> 592
B8: Max drawdown | C8: =MIN(Trades!T:T) -> -1.0062256 | D8: =MIN(Trades!U:U) -> -1.0123855 | E8: =MIN(Trades!W:W) -> -1.0184582 | L8: =Trades!P8 -> 24177 | M8: =M7+Trades!T8 -> 0.022011737 | N8: =N7+Trades!U8 -> 0.0017968799 | O8: =O7+Trades!W8 -> -0.01841268 | Q8: 24 | R8: 27 | S8: =AVERAGEIFS(Trades!W:W,Trades!N:N,">="&Q8,Trades!N:N,"<="&R8) -> -0.020527564 | T8: =COUNTIFS(Trades!N:N,">="&Q8,Trades!N:N,"<="&R8) -> 410
B9: Biggest Winner | C9: =MAX(Trades!T:T) -> 0.51144834 | D9: =MAX(Trades!U:U) -> 0.50927349 | E9: =MAX(Trades!W:W) -> 0.50704771 | L9: =Trades!P9 -> 24211 | M9: =M8+Trades!T9 -> 0.014132307 | N9: =N8+Trades!U9 -> -0.0089708621 | O9: =O8+Trades!W9 -> -0.032067311 | Q9: 28 | R9: 34 | S9: =AVERAGEIFS(Trades!W:W,Trades!N:N,">="&Q9,Trades!N:N,"<="&R9) -> -0.025358155 | T9: =COUNTIFS(Trades!N:N,">="&Q9,Trades!N:N,"<="&R9) -> 399
B10: Win rate | C10: =COUNTIF(Trades!T:T,">0")/(COUNTIF(Trades!T:T,">0")+COUNTIF(Trades!T:T,"<0")) -> 0.77246812 | D10: =COUNTIF(Trades!U:U,">0")/(COUNTIF(Trades!U:U,">0")+COUNTIF(Trades!U:U,"<0")) -> 0.68365972 | E10: =COUNTIF(Trades!W:W,">0")/(COUNTIF(Trades!W:W,">0")+COUNTIF(Trades!W:W,"<0")) -> 0.49114081 | L10: =Trades!P10 -> 24238 | M10: =M9+Trades!T10 -> 0.035760983 | N10: =N9+Trades!U10 -> 0.0097813534 | O10: =O9+Trades!W10 -> -0.016201985 | Q10: 35 | R10: 40 | S10: =AVERAGEIFS(Trades!W:W,Trades!N:N,">="&Q10,Trades!N:N,"<="&R10) -> -0.034268153 | T10: =COUNTIFS(Trades!N:N,">="&Q10,Trades!N:N,"<="&R10) -> 162
B11: Profit Factor | C11: =SUMIF(Trades!T:T,">0",Trades!T:T)/ABS(SUMIF(Trades!T:T,"<0",Trades!T:T)) -> 1.981138 | D11: =SUMIF(Trades!U:U,">0",Trades!U:U)/ABS(SUMIF(Trades!U:U,"<0",Trades!U:U)) -> 1.2046779 | E11: =SUMIF(Trades!W:W,">0",Trades!W:W)/ABS(SUMIF(Trades!W:W,"<0",Trades!W:W)) -> 0.66988477
L12: =Trades!P11 -> 24257 | M12: =M10+Trades!T11 -> 0.053830131 | N12: =N10+Trades!U11 -> 0.024959405 | O12: =O10+Trades!W11 -> -0.0039110455 | Q12: 41 | R12: 47 | S12: =AVERAGEIFS(Trades!W:W,Trades!N:N,">="&Q12,Trades!N:N,"<="&R12) -> -0.036948969 | T12: =COUNTIFS(Trades!N:N,">="&Q12,Trades!N:N,"<="&R12) -> 111
B13: Column1 | C13: Column2 | L13: =Trades!P12 -> 24264 | M13: =M12+Trades!T12 -> 0.076492535 | N13: =N12+Trades!U12 -> 0.044730045 | O13: =O12+Trades!W12 -> 0.012972483
B14: Number of Trades | C14: =ROWS(Table1[]) -> 9651 | L14: =Trades!P13 -> 24272 | M14: =M13+Trades!T13 -> 0.093434693 | N14: =N13+Trades!U13 -> 0.058781953 | O14: =O13+Trades!W13 -> 0.024137279
B15: Mean holding time | C15: =AVERAGE(Trades!N:N) -> 11.613926 | L15: =Trades!P14 -> 24280 | M15: =M14+Trades!T14 -> 0.11044756 | N15: =N14+Trades!U14 -> 0.072907049 | O15: =O14+Trades!W14 -> 0.035375263
B16: Median holding time | C16: =MEDIAN(Trades!N:N) -> 8 | L16: =Trades!P15 -> 24286 | M16: =M15+Trades!T15 -> 0.13155826 | N16: =N15+Trades!U15 -> 0.091133483 | O16: =O15+Trades!W15 -> 0.050714808
B17: Max holding time | C17: =MAX(Trades!N:N) -> 104 | L17: =Trades!P16 -> 24316 | M17: =M16+Trades!T16 -> 0.14587165 | N17: =N16+Trades!U16 -> 0.10256265 | O17: =O16+Trades!W16 -> 0.059257089
L18: =Trades!P17 -> 24343 | M18: =M17+Trades!T17 -> 0.15174594 | N18: =N17+Trades!U17 -> 0.10555165 | O18: =O17+Trades!W17 -> 0.059358969
B19: Column1 | C19: Positive | D19: Negative | L19: =Trades!P18 -> 24366 | M19: =M18+Trades!T18 -> 0.15999309 | N19: =N18+Trades!U18 -> 0.11091241 | O19: =O18+Trades!W18 -> 0.061832847
B20: Mean entry z score | C20: =AVERAGEIF(Trades!I:I,">0",Trades!I:I) -> 1.978442 | D20: =AVERAGEIF(Trades!I:I,"<0",Trades!I:I) -> -1.9717978 | L20: =Trades!P19 -> 24402 | M20: =M19+Trades!T19 -> 0.15214409 | N20: =N19+Trades!U19 -> 0.10017751 | O20: =O19+Trades!W19 -> 0.048211057
B21: Median entry z score | C21: {=MEDIAN(_xlfn._xlws.FILTER(Trades!I:I,Trades!I:I>0))} -> 1.8199965 | D21: {=MEDIAN(_xlfn._xlws.FILTER(Trades!I:I,Trades!I:I<0))} -> -1.8140198 | L21: =Trades!P20 -> 24420 | M21: =M20+Trades!T20 -> 0.16881915 | N21: =N20+Trades!U20 -> 0.11396412 | O21: =O20+Trades!W20 -> 0.059110553
B22: max entry z score | C22: =_xlfn.MAXIFS(Trades!I:I,Trades!I:I,">0") -> 5.2946498 | D22: =_xlfn.MINIFS(Trades!I:I,Trades!I:I,"<0") -> -5.2946498 | L22: =Trades!P21 -> 24444 | M22: =M21+Trades!T21 -> 0.16776922 | N22: =N21+Trades!U21 -> 0.11002298 | O22: =O21+Trades!W21 -> 0.052282527
B23: Mean exit z score | C23: =AVERAGEIF(Trades!S:S,">0",Trades!S:S) -> 0.28014079 | D23: =AVERAGEIF(Trades!S:S,"<0",Trades!S:S) -> -0.27577936 | L23: =Trades!P22 -> 24480 | M23: =M22+Trades!T22 -> 0.15825068 | N23: =N22+Trades!U22 -> 0.097621117 | O23: =O22+Trades!W22 -> 0.036993549
B24: Median exit z score | C24: {=MEDIAN(_xlfn._xlws.FILTER(Trades!S:S,Trades!S:S>0))} -> 0.29698808 | D24: {=MEDIAN(_xlfn._xlws.FILTER(Trades!S:S,Trades!S:S<0))} -> -0.28780656 | L24: =Trades!P23 -> 24499 | M24: =M23+Trades!T23 -> 0.16312894 | N24: =N23+Trades!U23 -> 0.099612629 | O24: =O23+Trades!W23 -> 0.03609795
B25: max exit z score | C25: =_xlfn.MAXIFS(Trades!S:S,Trades!S:S,">0") -> 0.49995858 | D25: =_xlfn.MINIFS(Trades!S:S,Trades!S:S,"<0") -> -0.49996787 | L25: =Trades!P24 -> 24502 | M25: =M24+Trades!T24 -> 0.17351829 | N25: =N24+Trades!U24 -> 0.10711425 | O25: =O24+Trades!W24 -> 0.040712455
G26: 1 | H26: Edge is there, but wiped out by costs | L26: =Trades!P25 -> 24526 | M26: =M25+Trades!T25 -> 0.17048883 | N26: =N25+Trades!U25 -> 0.10119801 | O26: =O25+Trades!W25 -> 0.031909332
B27: Column1 | C27: Long | D27: Short | E27: Signal | F27: Forced | L27: =Trades!P26 -> 24552 | M27: =M26+Trades!T26 -> 0.16378556 | N27: =N26+Trades!U26 -> 0.091608831 | O27: =O26+Trades!W26 -> 0.019433039
B28: PnL (gross) | C28: =SUMIF(Trades!M:M,"LONG",Trades!T:T) -> 23.003665 | D28: =SUMIF(Trades!M:M,"SHORT",Trades!T:T) -> 23.614799 | E28: =SUMIF(Trades!O:O,"Signal",Trades!T:T) -> 46.716086 | F28: =SUMIF(Trades!O:O,"Forced",Trades!T:T) -> -0.09762246 | L28: =Trades!P27 -> 24564 | M28: =M27+Trades!T27 -> 0.17352355 | N28: =N27+Trades!U27 -> 0.098459273 | O28: =O27+Trades!W27 -> 0.02339637
B29: Number | C29: =COUNTIF(Trades!M:M,"LONG") -> 4816 | D29: =COUNTIF(Trades!M:M,"SHORT") -> 4835 | E29: =COUNTIF(Trades!O:O,"Signal") -> 9635 | F29: =COUNTIF(Trades!O:O,"Forced") -> 16 | L29: =Trades!P28 -> 24583 | M29: =M28+Trades!T28 -> 0.17329913 | N29: =N28+Trades!U28 -> 0.09534735 | O29: =O28+Trades!W28 -> 0.017397335
L30: =Trades!P29 -> 24594 | M30: =M29+Trades!T29 -> 0.18101305 | N30: =N29+Trades!U29 -> 0.10017255 | O30: =O29+Trades!W29 -> 0.019335425
B31: min Holding time | C31: Max Holding time | D31: Win rate | L31: =Trades!P30 -> 24608 | M31: =M30+Trades!T30 -> 0.18722598 | N31: =N30+Trades!U30 -> 0.10350006 | O31: =O30+Trades!W30 -> 0.01977582
B32: 0 | C32: 3 | D32: =COUNTIFS(Trades!N:N,">="&B32,Trades!N:N,"<="&C32,Trades!T:T,">0")/(COUNTIFS(Trades!N:N,">="&B32,Trades!N:N,"<="&C32,Trades!T:T,">0")+COUNTIFS(Trades!N:N,">="&B32,Trades!N:N,"<="&C32,Trades!T:T,"<0")) -> 0.99815753 | L32: =Trades!P31 -> 24620 | M32: =M31+Trades!T31 -> 0.19197307 | N32: =N31+Trades!U31 -> 0.10535631 | O32: =O31+Trades!W31 -> 0.01874518
B33: 4 | C33: 7 | D33: =COUNTIFS(Trades!N:N,">="&B33,Trades!N:N,"<="&C33,Trades!T:T,">0")/(COUNTIFS(Trades!N:N,">="&B33,Trades!N:N,"<="&C33,Trades!T:T,">0")+COUNTIFS(Trades!N:N,">="&B33,Trades!N:N,"<="&C33,Trades!T:T,"<0")) -> 0.99609375 | L33: =Trades!P32 -> 24655 | M33: =M32+Trades!T32 -> 0.18816685 | N33: =N32+Trades!U32 -> 0.098667438 | O33: =O32+Trades!W32 -> 0.0091691976
B34: 8 | C34: 11 | D34: =COUNTIFS(Trades!N:N,">="&B34,Trades!N:N,"<="&C34,Trades!T:T,">0")/(COUNTIFS(Trades!N:N,">="&B34,Trades!N:N,"<="&C34,Trades!T:T,">0")+COUNTIFS(Trades!N:N,">="&B34,Trades!N:N,"<="&C34,Trades!T:T,"<0")) -> 0.95701058 | L34: =Trades!P33 -> 24684 | M34: =M33+Trades!T33 -> 0.20216125 | N34: =N33+Trades!U33 -> 0.10977624 | O34: =O33+Trades!W33 -> 0.01739111
B35: 12 | C35: 15 | D35: =COUNTIFS(Trades!N:N,">="&B35,Trades!N:N,"<="&C35,Trades!T:T,">0")/(COUNTIFS(Trades!N:N,">="&B35,Trades!N:N,"<="&C35,Trades!T:T,">0")+COUNTIFS(Trades!N:N,">="&B35,Trades!N:N,"<="&C35,Trades!T:T,"<0")) -> 0.76638966 | L35: =Trades!P34 -> 24726 | M35: =M34+Trades!T34 -> 0.18755977 | N35: =N34+Trades!U34 -> 0.092290465 | O35: =O34+Trades!W34 -> -0.0029817759
B36: 16 | C36: 1000000 | D36: =COUNTIFS(Trades!N:N,">="&B36,Trades!N:N,"<="&C36,Trades!T:T,">0")/(COUNTIFS(Trades!N:N,">="&B36,Trades!N:N,"<="&C36,Trades!T:T,">0")+COUNTIFS(Trades!N:N,">="&B36,Trades!N:N,"<="&C36,Trades!T:T,"<0")) -> 0.27667831 | L36: =Trades!P35 -> 24739 | M36: =M35+Trades!T35 -> 0.20161598 | N36: =N35+Trades!U35 -> 0.10346315 | O36: =O35+Trades!W35 -> 0.0053040247
L37: =Trades!P36 -> 24761 | M37: =M36+Trades!T36 -> 0.1948286 | N37: =N36+Trades!U36 -> 0.093785279 | O37: =O36+Trades!W36 -> -0.0072607405
L38: =Trades!P37 -> 24774 | M38: =M37+Trades!T37 -> 0.21662206 | N38: =N37+Trades!U37 -> 0.11268789 | O38: =O37+Trades!W37 -> 0.008754761
B39: Conclusion: | L39: =Trades!P38 -> 24800 | M39: =M38+Trades!T38 -> 0.21030372 | N39: =N38+Trades!U38 -> 0.10348047 | O39: =O38+Trades!W38 -> -0.0033395523
B40: "The baseline strategy exhibits a positive gross trading edge, but this edge is insufficient to overcome the assumed transaction costs and slippage. Under the baseline execution assumptions, implementation frictions are the primary driver of the strategy's negative net performance." | L40: =Trades!P39 -> 24819 | M40: =M39+Trades!T39 -> 0.20633064 | N40: =N39+Trades!U39 -> 0.096617906 | O40: =O39+Trades!W39 -> -0.013089004
L41: =Trades!P40 -> 24845 | M41: =M40+Trades!T40 -> 0.21266286 | N41: =N40+Trades!U40 -> 0.10006281 | O41: =O40+Trades!W40 -> -0.012531214
L42: =Trades!P41 -> 24864 | M42: =M41+Trades!T41 -> 0.21883684 | N42: =N41+Trades!U41 -> 0.10334989 | O42: =O41+Trades!W41 -> -0.012131022
L43: =Trades!P42 -> 24875 | M43: =M42+Trades!T42 -> 0.22456033 | N43: =N42+Trades!U42 -> 0.10618715 | O43: =O42+Trades!W42 -> -0.01218065
L44: =Trades!P43 -> 24889 | M44: =M43+Trades!T43 -> 0.22985352 | N44: =N43+Trades!U43 -> 0.10859377 | O44: =O43+Trades!W43 -> -0.012660914
L45: =Trades!P44 -> 24903 | M45: =M44+Trades!T44 -> 0.23061324 | N45: =N44+Trades!U44 -> 0.10646625 | O45: =O44+Trades!W44 -> -0.017675329
G46: 2 | H46: shorter trades are significantly more profitiable | L46: =Trades!P45 -> 24939 | M46: =M45+Trades!T45 -> 0.22164089 | N46: =N45+Trades!U45 -> 0.094605174 | O46: =O45+Trades!W45 -> -0.032423294 | Y46: 3 | Z46: most trades are short, but with a long tail
L47: =Trades!P46 -> 24966 | M47: =M46+Trades!T46 -> 0.22636451 | N47: =N46+Trades!U46 -> 0.096441955 | O47: =O46+Trades!W46 -> -0.033473402
L48: =Trades!P47 -> 24973 | M48: =M47+Trades!T47 -> 0.23273514 | N48: =N47+Trades!U47 -> 0.099926535 | O48: =O47+Trades!W47 -> -0.032875711
L49: =Trades!P48 -> 24984 | M49: =M48+Trades!T48 -> 0.23785454 | N49: =N48+Trades!U48 -> 0.10215873 | O49: =O48+Trades!W48 -> -0.033530626
L50: =Trades!P49 -> 24994 | M50: =M49+Trades!T49 -> 0.24943897 | N50: =N49+Trades!U49 -> 0.11085439 | O50: =O49+Trades!W49 -> -0.027722082
L51: =Trades!P50 -> 25015 | M51: =M50+Trades!T50 -> 0.29086347 | N51: =N50+Trades!U50 -> 0.14938888 | O51: =O50+Trades!W50 -> 0.0079253021
L52: =Trades!P51 -> 25067 | M52: =M51+Trades!T51 -> 0.26561362 | N52: =N51+Trades!U51 -> 0.12124785 | O52: =O51+Trades!W51 -> -0.023102621
L53: =Trades!P52 -> 25090 | M53: =M52+Trades!T52 -> 0.27242099 | N53: =N52+Trades!U52 -> 0.12516795 | O53: =O52+Trades!W52 -> -0.022069631
L54: =Trades!P53 -> 25104 | M54: =M53+Trades!T53 -> 0.2888537 | N54: =N53+Trades!U53 -> 0.13871571 | O54: =O53+Trades!W53 -> -0.011408759
L55: =Trades!P54 -> 25137 | M55: =M54+Trades!T54 -> 0.29729679 | N55: =N54+Trades!U54 -> 0.14427316 | O55: =O54+Trades!W54 -> -0.0087381961
L56: =Trades!P55 -> 25168 | M56: =M55+Trades!T55 -> 0.30475031 | N56: =N55+Trades!U55 -> 0.1488379 | O56: =O55+Trades!W55 -> -0.0070605719
L57: =Trades!P56 -> 25182 | M57: =M56+Trades!T56 -> 0.30374122 | N57: =N56+Trades!U56 -> 0.14494139 | O57: =O56+Trades!W56 -> -0.013844191
L58: =Trades!P57 -> 25202 | M58: =M57+Trades!T57 -> 0.30273577 | N58: =N57+Trades!U57 -> 0.14104853 | O58: =O57+Trades!W57 -> -0.020624164
... L9653: =Trades!P9652 -> 285277 | M9653: =M9652+Trades!T9652 -> 46.618463 | N9653: =N9652+Trades!U9652 -> 11.60472 | O9653: =O9652+Trades!W9652 -> -23.408147
