Workbook

Sheet Trades
A1: window_id | B1: stock1 | C1: stock2 | D1: entry_timestamp | E1: entry_price_1 | F1: entry_price_2 | G1: entry_price_1_slipped | H1: entry_price_2_slipped | I1: entry_zscore | J1: hedge_ratio_entry | K1: position_size_1 | L1: position_size_2 | M1: direction | N1: holding_minutes | O1: exit_reason | P1: exit_timestamp | Q1: exit_price_1 | R1: exit_price_2 | S1: exit_zscore | T1: gross_pnl | U1: gross_pnl_slipped | V1: transaction_costs | W1: net_pnl
A2: 0 | B2: JPM | C2: GS | D2: 24207 | E2: 306.355 | F2: 782.975 | G2: 306.32436 | H2: 783.0533 | I2: 3.594531 | J2: 0.66743015 | K2: -0.03264187 | L2: 0.0085242843 | M2: SHORT | N2: 7 | O2: signal | P2: 24214 | Q2: 305.615 | R2: 782.975 | S2: 0.36824447 | T2: 0.024154984 | U2: 0.020822539 | V2: 0.0033347938 | W2: 0.017487745
A3: 0 | B3: JPM | C3: GS | D3: 24601 | E3: 310.255 | F3: 784.85 | G3: 310.22397 | H3: 784.92849 | I3: 3.7200374 | J3: 0.66743015 | K3: -0.032231551 | L3: 0.0085039198 | M3: SHORT | N3: 5 | O3: signal | P3: 24606 | Q3: 309.23 | R3: 786.1 | S3: 0.45860297 | T3: 0.04366724 | U3: 0.04033462 | V3: 0.0033347938 | W3: 0.036999827
A4: 0 | B4: JPM | C4: GS | D4: 24832 | E4: 309.67 | F4: 784.45 | G4: 309.63903 | H4: 784.52845 | I4: 3.979432 | J4: 0.66743015 | K4: -0.03229244 | L4: 0.0085082561 | M4: SHORT | N4: 16 | O4: signal | P4: 24848 | Q4: 309.315 | R4: 783.6 | S4: 0.38578157 | T4: 0.0042317987 | U4: 0.00089880794 | V4: 0.0033347938 | W4: -0.0024359858
A5: 0 | B5: JPM | C5: GS | D5: 24987 | E5: 310.945 | F5: 792.31 | G5: 310.97609 | H5: 792.23077 | I5: -4.4660855 | J5: 0.66743015 | K5: 0.032160028 | L5: -0.0084238511 | M5: LONG | N5: 9 | O5: signal | P5: 24996 | Q5: 311.59 | R5: 790.28 | S5: 0.2672345 | T5: 0.037843636 | U5: 0.034508411 | V5: 0.0033349268 | W5: 0.031173485
A6: 0 | B6: JPM | C6: GS | D6: 25380 | E6: 305.665 | F6: 775.68 | G6: 305.69557 | H6: 775.60243 | I6: -3.6905639 | J6: 0.66743015 | K6: 0.032715555 | L6: -0.0086044522 | M6: LONG | N6: 12 | O6: signal | P6: 25392 | Q6: 307.425 | R6: 778.79 | S6: 0.21702582 | T6: 0.03081953 | U6: 0.027476236 | V6: 0.0033349268 | W6: 0.024141309
A7: 0 | B7: JPM | C7: GS | D7: 25694 | E7: 308.605 | F7: 791.07 | G7: 308.57414 | H7: 791.14911 | I7: 3.6289486 | J7: 0.66743015 | K7: -0.032403882 | L7: 0.0084370555 | M7: SHORT | N7: 37 | O7: signal | P7: 25731 | Q7: 309.34 | R7: 792.03 | S7: 0.21396878 | T7: -0.01571728 | U7: -0.019055332 | V7: 0.0033347938 | W7: -0.022390126
A8: 0 | B8: JPM | C8: GS | D8: 25752 | E8: 310.22 | F8: 793.57 | G8: 310.18898 | H8: 793.64936 | I8: 3.587045 | J8: 0.66743015 | K8: -0.032235188 | L8: 0.0084104761 | M8: SHORT | N8: 6 | O8: signal | P8: 25758 | Q8: 309.595 | R8: 792.46 | S8: 0.10046321 | T8: 0.010811364 | U8: 0.007479452 | V8: 0.0033347938 | W8: 0.0041446582
A9: 0 | B9: JPM | C9: GS | D9: 26937 | E9: 316.57 | F9: 798.58 | G9: 316.60166 | H9: 798.50014 | I9: -3.6665215 | J9: 0.66743015 | K9: 0.03158859 | L9: -0.0083577118 | M9: LONG | N9: 5 | O9: signal | P9: 26942 | Q9: 319.07 | R9: 804.4 | S9: -0.22070535 | T9: 0.030329593 | U9: 0.026981971 | V9: 0.0033349268 | W9: 0.023647044
A10: 0 | B10: JPM | C10: GS | D10: 27327 | E10: 318.785 | F10: 801.62 | G10: 318.75312 | H10: 801.70016 | I10: 3.8655947 | J10: 0.66743015 | K10: -0.031369105 | L10: 0.0083260167 | M10: SHORT | N10: 5 | O10: signal | P10: 27332 | Q10: 316.99 | R10: 797.74 | S10: 0.091473395 | T10: 0.024002598 | U10: 0.020676599 | V10: 0.0033347938 | W10: 0.017341805
A11: 0 | B11: JPM | C11: GS | D11: 27717 | E11: 316.63 | F11: 816.83 | G11: 316.66166 | H11: 816.74832 | I11: -4.1191154 | J11: 0.66743015 | K11: 0.031582604 | L11: -0.0081709799 | M11: LONG | N11: 8 | O11: signal | P11: 27725 | Q11: 320.43 | R11: 829.34 | S11: -0.091250949 | T11: 0.017794938 | U11: 0.014437855 | V11: 0.0033349268 | W11: 0.011102928
A12: 1 | B12: JPM | C12: GS | D12: 27901 | E12: 321.49 | F12: 832.19 | G12: 321.45785 | H12: 832.27322 | I12: 5.2836493 | J12: 0.65390315 | K12: -0.031105167 | L12: 0.0078576185 | M12: SHORT | N12: 23 | O12: signal | P12: 27924 | Q12: 321.12 | R12: 832.625 | S12: 0.47150671 | T12: 0.014926976 | U12: 0.011619978 | V12: 0.0033077371 | W12: 0.0083122414
A13: 1 | B13: JPM | C13: GS | D13: 28497 | E13: 305.71 | F13: 787.29 | G13: 305.67943 | H13: 787.36873 | I13: 3.9612488 | J13: 0.65390315 | K13: -0.032710739 | L13: 0.0083057469 | M13: SHORT | N13: 7 | O13: signal | P13: 28504 | Q13: 304.365 | R13: 786.38 | S13: 0.030918091 | T13: 0.036437714 | U13: 0.033135063 | V13: 0.0033077371 | W13: 0.029827326
... A173: 16 | B173: BAC | C173: USB | D173: 90259 | E173: 59.24 | F173: 62.225 | G173: 59.234076 | H173: 62.231223 | I173: 3.938376 | J173: 1.2019117 | K173: -0.16880486 | L173: 0.19315576 | M173: SHORT | N173: 31 | O173: signal | P173: 90290 | Q173: 59.23 | R173: 61.88 | S173: 0.19335895 | T173: -0.06495069 | U173: -0.06934768 | V173: 0.0044038639 | W173: -0.073751544

Sheet trades edited
A1: window_id | B1: stock1 | C1: stock2 | D1: entry_timestamp | E1: entry_price_1 | F1: entry_price_2 | G1: entry_price_1_slipped | H1: entry_price_2_slipped | I1: entry_zscore | J1: hedge_ratio_entry | K1: position_size_1 | L1: position_size_2 | M1: direction | N1: holding_minutes | O1: exit_reason | P1: exit_timestamp | Q1: exit_price_1 | R1: exit_price_2 | S1: exit_zscore | T1: gross_pnl | U1: gross_pnl_slipped | V1: transaction_costs | W1: net_pnl | X1: Entry day | Y1: Exit Day | Z1: VIX on entry | AE1: UK Date | AF1: US DATE | AG1: VIX ON ENTRY
A2: 0 | B2: JPM | C2: GS | D2: 24207 | E2: 306.355 | F2: 782.975 | G2: 306.32436 | H2: 783.0533 | I2: 3.594531 | J2: 0.66743015 | K2: -0.03264187 | L2: 0.0085242843 | M2: SHORT | N2: 7 | O2: signal | P2: 24214 | Q2: 305.615 | R2: 782.975 | S2: 0.36824447 | T2: 0.024154984 | U2: 0.020822539 | V2: 0.0033347938 | W2: 0.017487745 | X2: =WORKDAY(DATE(2025,8,2),INT(D2/390)) -> 45958 | Y2: =WORKDAY(DATE(2025,8,2),INT(P2/390)) -> 45958 | Z2: {=_xlfn.XLOOKUP(INT(X2),INT($AE$2:$AE$1000),$AG$2:$AG$1000,"")} -> 16.42 | AE2: =IF(ISNUMBER(AF2),DATE(YEAR(AF2),DAY(AF2),MONTH(AF2)),DATE(RIGHT(AF2,4),LEFT(AF2,2),MID(AF2,4,2))) -> 45870 | AF2: 45665 | AG2: 20.38 | AJ2: VIX at entry | AK2: Net PnL | AL2: Trades | AM2: Avg Net P&L | AN2: Win rate
A3: 0 | B3: JPM | C3: GS | D3: 24601 | E3: 310.255 | F3: 784.85 | G3: 310.22397 | H3: 784.92849 | I3: 3.7200374 | J3: 0.66743015 | K3: -0.032231551 | L3: 0.0085039198 | M3: SHORT | N3: 5 | O3: signal | P3: 24606 | Q3: 309.23 | R3: 786.1 | S3: 0.45860297 | T3: 0.04366724 | U3: 0.04033462 | V3: 0.0033347938 | W3: 0.036999827 | X3: =WORKDAY(DATE(2025,8,2),INT(D3/390)) -> 45959 | Y3: =WORKDAY(DATE(2025,8,2),INT(P3/390)) -> 45959 | Z3: {=_xlfn.XLOOKUP(INT(X3),INT($AE$2:$AE$1000),$AG$2:$AG$1000,"")} -> 16.92 | AE3: =IF(ISNUMBER(AF3),DATE(YEAR(AF3),DAY(AF3),MONTH(AF3)),DATE(RIGHT(AF3,4),LEFT(AF3,2),MID(AF3,4,2))) -> 45873 | AF3: 45755 | AG3: 17.52 | AJ3: <15 | AK3: =AL3*AM3 -> 0.034883676 | AL3: =COUNTIF(Z:Z,"<15") -> 15 | AM3: =AVERAGEIF(Z:Z,"<15",W:W) -> 0.0023255784 | AN3: =COUNTIFS(Z:Z,"<15",T:T,">0")/COUNTIFS(Z:Z,"<15") -> 0.66666667
A4: 0 | B4: JPM | C4: GS | D4: 24832 | E4: 309.67 | F4: 784.45 | G4: 309.63903 | H4: 784.52845 | I4: 3.979432 | J4: 0.66743015 | K4: -0.03229244 | L4: 0.0085082561 | M4: SHORT | N4: 16 | O4: signal | P4: 24848 | Q4: 309.315 | R4: 783.6 | S4: 0.38578157 | T4: 0.0042317987 | U4: 0.00089880794 | V4: 0.0033347938 | W4: -0.0024359858 | X4: =WORKDAY(DATE(2025,8,2),INT(D4/390)) -> 45959 | Y4: =WORKDAY(DATE(2025,8,2),INT(P4/390)) -> 45959 | Z4: {=_xlfn.XLOOKUP(INT(X4),INT($AE$2:$AE$1000),$AG$2:$AG$1000,"")} -> 16.92 | AE4: =IF(ISNUMBER(AF4),DATE(YEAR(AF4),DAY(AF4),MONTH(AF4)),DATE(RIGHT(AF4,4),LEFT(AF4,2),MID(AF4,4,2))) -> 45874 | AF4: 45785 | AG4: 17.85 | AJ4: 15–20 | AK4: =AL4*AM4 -> 1.5033115 | AL4: =COUNTIFS(Z:Z,">=15",Z:Z,"<20") -> 108 | AM4: =AVERAGEIFS(W:W,Z:Z,">=15",Z:Z,"<20") -> 0.013919551 | AN4: =COUNTIFS(Z:Z,">=15",Z:Z,"<20",T:T,">0")/COUNTIFS(Z:Z,">=15",Z:Z,"<20") -> 0.75925926
A5: 0 | B5: JPM | C5: GS | D5: 24987 | E5: 310.945 | F5: 792.31 | G5: 310.97609 | H5: 792.23077 | I5: -4.4660855 | J5: 0.66743015 | K5: 0.032160028 | L5: -0.0084238511 | M5: LONG | N5: 9 | O5: signal | P5: 24996 | Q5: 311.59 | R5: 790.28 | S5: 0.2672345 | T5: 0.037843636 | U5: 0.034508411 | V5: 0.0033349268 | W5: 0.031173485 | X5: =WORKDAY(DATE(2025,8,2),INT(D5/390)) -> 45960 | Y5: =WORKDAY(DATE(2025,8,2),INT(P5/390)) -> 45960 | Z5: {=_xlfn.XLOOKUP(INT(X5),INT($AE$2:$AE$1000),$AG$2:$AG$1000,"")} -> 16.91 | AE5: =IF(ISNUMBER(AF5),DATE(YEAR(AF5),DAY(AF5),MONTH(AF5)),DATE(RIGHT(AF5,4),LEFT(AF5,2),MID(AF5,4,2))) -> 45875 | AF5: 45816 | AG5: 16.77 | AJ5: >=20 | AK5: =AL5*AM5 -> 0.60012575 | AL5: =COUNTIFS(Z:Z,">=20") -> 48 | AM5: =AVERAGEIFS(W:W,Z:Z,">=20") -> 0.01250262 | AN5: =COUNTIFS(Z:Z,">=20",T:T,">0")/COUNTIFS(Z:Z,">=20") -> 0.72916667
A6: 0 | B6: JPM | C6: GS | D6: 25380 | E6: 305.665 | F6: 775.68 | G6: 305.69557 | H6: 775.60243 | I6: -3.6905639 | J6: 0.66743015 | K6: 0.032715555 | L6: -0.0086044522 | M6: LONG | N6: 12 | O6: signal | P6: 25392 | Q6: 307.425 | R6: 778.79 | S6: 0.21702582 | T6: 0.03081953 | U6: 0.027476236 | V6: 0.0033349268 | W6: 0.024141309 | X6: =WORKDAY(DATE(2025,8,2),INT(D6/390)) -> 45961 | Y6: =WORKDAY(DATE(2025,8,2),INT(P6/390)) -> 45961 | Z6: {=_xlfn.XLOOKUP(INT(X6),INT($AE$2:$AE$1000),$AG$2:$AG$1000,"")} -> 17.44 | AE6: =IF(ISNUMBER(AF6),DATE(YEAR(AF6),DAY(AF6),MONTH(AF6)),DATE(RIGHT(AF6,4),LEFT(AF6,2),MID(AF6,4,2))) -> 45876 | AF6: 45846 | AG6: 16.57
A7: 0 | B7: JPM | C7: GS | D7: 25694 | E7: 308.605 | F7: 791.07 | G7: 308.57414 | H7: 791.14911 | I7: 3.6289486 | J7: 0.66743015 | K7: -0.032403882 | L7: 0.0084370555 | M7: SHORT | N7: 37 | O7: signal | P7: 25731 | Q7: 309.34 | R7: 792.03 | S7: 0.21396878 | T7: -0.01571728 | U7: -0.019055332 | V7: 0.0033347938 | W7: -0.022390126 | X7: =WORKDAY(DATE(2025,8,2),INT(D7/390)) -> 45961 | Y7: =WORKDAY(DATE(2025,8,2),INT(P7/390)) -> 45961 | Z7: {=_xlfn.XLOOKUP(INT(X7),INT($AE$2:$AE$1000),$AG$2:$AG$1000,"")} -> 17.44 | AE7: =IF(ISNUMBER(AF7),DATE(YEAR(AF7),DAY(AF7),MONTH(AF7)),DATE(RIGHT(AF7,4),LEFT(AF7,2),MID(AF7,4,2))) -> 45877 | AF7: 45877 | AG7: 15.15
A8: 0 | B8: JPM | C8: GS | D8: 25752 | E8: 310.22 | F8: 793.57 | G8: 310.18898 | H8: 793.64936 | I8: 3.587045 | J8: 0.66743015 | K8: -0.032235188 | L8: 0.0084104761 | M8: SHORT | N8: 6 | O8: signal | P8: 25758 | Q8: 309.595 | R8: 792.46 | S8: 0.10046321 | T8: 0.010811364 | U8: 0.007479452 | V8: 0.0033347938 | W8: 0.0041446582 | X8: =WORKDAY(DATE(2025,8,2),INT(D8/390)) -> 45964 | Y8: =WORKDAY(DATE(2025,8,2),INT(P8/390)) -> 45964 | Z8: {=_xlfn.XLOOKUP(INT(X8),INT($AE$2:$AE$1000),$AG$2:$AG$1000,"")} -> 17.17 | AE8: =IF(ISNUMBER(AF8),DATE(YEAR(AF8),DAY(AF8),MONTH(AF8)),DATE(RIGHT(AF8,4),LEFT(AF8,2),MID(AF8,4,2))) -> 45880 | AF8: 45969 | AG8: 16.25
A9: 0 | B9: JPM | C9: GS | D9: 26937 | E9: 316.57 | F9: 798.58 | G9: 316.60166 | H9: 798.50014 | I9: -3.6665215 | J9: 0.66743015 | K9: 0.03158859 | L9: -0.0083577118 | M9: LONG | N9: 5 | O9: signal | P9: 26942 | Q9: 319.07 | R9: 804.4 | S9: -0.22070535 | T9: 0.030329593 | U9: 0.026981971 | V9: 0.0033349268 | W9: 0.023647044 | X9: =WORKDAY(DATE(2025,8,2),INT(D9/390)) -> 45967 | Y9: =WORKDAY(DATE(2025,8,2),INT(P9/390)) -> 45967 | Z9: {=_xlfn.XLOOKUP(INT(X9),INT($AE$2:$AE$1000),$AG$2:$AG$1000,"")} -> 19.5 | AE9: =IF(ISNUMBER(AF9),DATE(YEAR(AF9),DAY(AF9),MONTH(AF9)),DATE(RIGHT(AF9,4),LEFT(AF9,2),MID(AF9,4,2))) -> 45881 | AF9: 45999 | AG9: 14.73
A10: 0 | B10: JPM | C10: GS | D10: 27327 | E10: 318.785 | F10: 801.62 | G10: 318.75312 | H10: 801.70016 | I10: 3.8655947 | J10: 0.66743015 | K10: -0.031369105 | L10: 0.0083260167 | M10: SHORT | N10: 5 | O10: signal | P10: 27332 | Q10: 316.99 | R10: 797.74 | S10: 0.091473395 | T10: 0.024002598 | U10: 0.020676599 | V10: 0.0033347938 | W10: 0.017341805 | X10: =WORKDAY(DATE(2025,8,2),INT(D10/390)) -> 45968 | Y10: =WORKDAY(DATE(2025,8,2),INT(P10/390)) -> 45968 | Z10: {=_xlfn.XLOOKUP(INT(X10),INT($AE$2:$AE$1000),$AG$2:$AG$1000,"")} -> 19.08 | AE10: =IF(ISNUMBER(AF10),DATE(YEAR(AF10),DAY(AF10),MONTH(AF10)),DATE(RIGHT(AF10,4),LEFT(AF10,2),MID(AF10,4,2))) -> 45882 | AF10: 08/13/2025 | AG10: 14.49 | AJ10: Metric | AK10: OOS H1 | AL10: OOS H2
A11: 0 | B11: JPM | C11: GS | D11: 27717 | E11: 316.63 | F11: 816.83 | G11: 316.66166 | H11: 816.74832 | I11: -4.1191154 | J11: 0.66743015 | K11: 0.031582604 | L11: -0.0081709799 | M11: LONG | N11: 8 | O11: signal | P11: 27725 | Q11: 320.43 | R11: 829.34 | S11: -0.091250949 | T11: 0.017794938 | U11: 0.014437855 | V11: 0.0033349268 | W11: 0.011102928 | X11: =WORKDAY(DATE(2025,8,2),INT(D11/390)) -> 45971 | Y11: =WORKDAY(DATE(2025,8,2),INT(P11/390)) -> 45971 | Z11: {=_xlfn.XLOOKUP(INT(X11),INT($AE$2:$AE$1000),$AG$2:$AG$1000,"")} -> 17.6 | AE11: =IF(ISNUMBER(AF11),DATE(YEAR(AF11),DAY(AF11),MONTH(AF11)),DATE(RIGHT(AF11,4),LEFT(AF11,2),MID(AF11,4,2))) -> 45883 | AF11: 08/14/2025 | AG11: 14.83 | AJ11: Trades | AK11: =COUNTIF(D:D,"<55503") -> 76 | AL11: =COUNTIF(D:D,">=55503") -> 96
A12: 1 | B12: JPM | C12: GS | D12: 27901 | E12: 321.49 | F12: 832.19 | G12: 321.45785 | H12: 832.27322 | I12: 5.2836493 | J12: 0.65390315 | K12: -0.031105167 | L12: 0.0078576185 | M12: SHORT | N12: 23 | O12: signal | P12: 27924 | Q12: 321.12 | R12: 832.625 | S12: 0.47150671 | T12: 0.014926976 | U12: 0.011619978 | V12: 0.0033077371 | W12: 0.0083122414 | X12: =WORKDAY(DATE(2025,8,2),INT(D12/390)) -> 45971 | Y12: =WORKDAY(DATE(2025,8,2),INT(P12/390)) -> 45971 | Z12: {=_xlfn.XLOOKUP(INT(X12),INT($AE$2:$AE$1000),$AG$2:$AG$1000,"")} -> 17.6 | AE12: =IF(ISNUMBER(AF12),DATE(YEAR(AF12),DAY(AF12),MONTH(AF12)),DATE(RIGHT(AF12,4),LEFT(AF12,2),MID(AF12,4,2))) -> 45884 | AF12: 08/15/2025 | AG12: 15.09 | AJ12: Gross P&L | AK12: =SUMIF(D:D,"<55503",T:T) -> 0.65726357 | AL12: =SUMIF(D:D,">=55503",T:T) -> 2.8359255
A13: 1 | B13: JPM | C13: GS | D13: 28497 | E13: 305.71 | F13: 787.29 | G13: 305.67943 | H13: 787.36873 | I13: 3.9612488 | J13: 0.65390315 | K13: -0.032710739 | L13: 0.0083057469 | M13: SHORT | N13: 7 | O13: signal | P13: 28504 | Q13: 304.365 | R13: 786.38 | S13: 0.030918091 | T13: 0.036437714 | U13: 0.033135063 | V13: 0.0033077371 | W13: 0.029827326 | X13: =WORKDAY(DATE(2025,8,2),INT(D13/390)) -> 45973 | Y13: =WORKDAY(DATE(2025,8,2),INT(P13/390)) -> 45973 | Z13: {=_xlfn.XLOOKUP(INT(X13),INT($AE$2:$AE$1000),$AG$2:$AG$1000,"")} -> 17.51 | AE13: =IF(ISNUMBER(AF13),DATE(YEAR(AF13),DAY(AF13),MONTH(AF13)),DATE(RIGHT(AF13,4),LEFT(AF13,2),MID(AF13,4,2))) -> 45887 | AF13: 08/18/2025 | AG13: 14.99 | AJ13: Net P&L | AK13: =SUMIF(D:D,"<55503",U:U) -> 0.38859164 | AL13: =SUMIF(D:D,">=55503",U:U) -> 2.4645231
A14: 1 | B14: JPM | C14: GS | D14: 28630 | E14: 304.8 | F14: 797.315 | G14: 304.83048 | H14: 797.23527 | I14: -3.6261084 | J14: 0.65390315 | K14: 0.032808399 | L14: -0.0082013151 | M14: LONG | N14: 9 | O14: signal | P14: 28639 | Q14: 305.47 | R14: 796.03 | S14: 0.26313253 | T14: 0.032520317 | U14: 0.029211367 | V14: 0.0033078755 | W14: 0.025903491 | X14: =WORKDAY(DATE(2025,8,2),INT(D14/390)) -> 45973 | Y14: =WORKDAY(DATE(2025,8,2),INT(P14/390)) -> 45973 | Z14: {=_xlfn.XLOOKUP(INT(X14),INT($AE$2:$AE$1000),$AG$2:$AG$1000,"")} -> 17.51 | AE14: =IF(ISNUMBER(AF14),DATE(YEAR(AF14),DAY(AF14),MONTH(AF14)),DATE(RIGHT(AF14,4),LEFT(AF14,2),MID(AF14,4,2))) -> 45888 | AF14: 08/19/2025 | AG14: 15.57 | AJ14: Avg gross P&L/trade | AK14: =AVERAGEIF(D:D,"<55503",T:T) -> 0.0086482048 | AL14: =AVERAGEIF(D:D,">=55503",T:T) -> 0.02954089
A15: 1 | B15: JPM | C15: GS | D15: 28708 | E15: 304.81 | F15: 797.11 | G15: 304.84048 | H15: 797.03029 | I15: -3.55602 | J15: 0.65390315 | K15: 0.032807323 | L15: -0.0082034243 | M15: LONG | N15: 27 | O15: signal | P15: 28735 | Q15: 304.57 | R15: 796.62 | S15: 0.12160767 | T15: -0.0038540795 | U15: -0.0071606965 | V15: 0.0033078755 | W15: -0.010468572 | X15: =WORKDAY(DATE(2025,8,2),INT(D15/390)) -> 45973 | Y15: =WORKDAY(DATE(2025,8,2),INT(P15/390)) -> 45973 | Z15: {=_xlfn.XLOOKUP(INT(X15),INT($AE$2:$AE$1000),$AG$2:$AG$1000,"")} -> 17.51 | AE15: =IF(ISNUMBER(AF15),DATE(YEAR(AF15),DAY(AF15),MONTH(AF15)),DATE(RIGHT(AF15,4),LEFT(AF15,2),MID(AF15,4,2))) -> 45889 | AF15: 08/20/2025 | AG15: 15.69 | AJ15: Avg net P&L/trade | AK15: =AVERAGEIF(D:D,"<55503",U:U) -> 0.0051130479 | AL15: =AVERAGEIF(D:D,">=55503",U:U) -> 0.025672116
A16: 1 | B16: JPM | C16: GS | D16: 29594 | E16: 301.3 | F16: 781.25 | G16: 301.26987 | H16: 781.32812 | I16: 3.5359515 | J16: 0.65390315 | K16: -0.033189512 | L16: 0.0083699603 | M16: SHORT | N16: 5 | O16: signal | P16: 29599 | Q16: 300.495 | R16: 781.25 | S16: -0.42317359 | T16: 0.026717557 | U16: 0.023412423 | V16: 0.0033077371 | W16: 0.020104686 | X16: =WORKDAY(DATE(2025,8,2),INT(D16/390)) -> 45975 | Y16: =WORKDAY(DATE(2025,8,2),INT(P16/390)) -> 45975 | Z16: {=_xlfn.XLOOKUP(INT(X16),INT($AE$2:$AE$1000),$AG$2:$AG$1000,"")} -> 19.83 | AE16: =IF(ISNUMBER(AF16),DATE(YEAR(AF16),DAY(AF16),MONTH(AF16)),DATE(RIGHT(AF16,4),LEFT(AF16,2),MID(AF16,4,2))) -> 45890 | AF16: 08/21/2025 | AG16: 16.6 | AJ16: Net PF | AK16: =SUMIFS(U:U,D:D,"<55503",U:U,">0")/ABS(SUMIFS(U:U,D:D,"<55503",U:U,"<0")) -> 1.5002724 | AL16: =SUMIFS(U:U,D:D,">=55503",U:U,">0")/ABS(SUMIFS(U:U,D:D,">=55503",U:U,"<0")) -> 5.6560542
A17: 1 | B17: JPM | C17: GS | D17: 29667 | E17: 300.82 | F17: 776.07 | G17: 300.78992 | H17: 776.14761 | I17: 4.3180527 | J17: 0.65390315 | K17: -0.033242471 | L17: 0.0084258269 | M17: SHORT | N17: 24 | O17: signal | P17: 29691 | Q17: 302.36 | R17: 779.065 | S17: 0.36508655 | T17: -0.025958053 | U17: -0.029273502 | V17: 0.0033077371 | W17: -0.032581239 | X17: =WORKDAY(DATE(2025,8,2),INT(D17/390)) -> 45978 | Y17: =WORKDAY(DATE(2025,8,2),INT(P17/390)) -> 45978 | Z17: {=_xlfn.XLOOKUP(INT(X17),INT($AE$2:$AE$1000),$AG$2:$AG$1000,"")} -> 22.38 | AE17: =IF(ISNUMBER(AF17),DATE(YEAR(AF17),DAY(AF17),MONTH(AF17)),DATE(RIGHT(AF17,4),LEFT(AF17,2),MID(AF17,4,2))) -> 45891 | AF17: 08/22/2025 | AG17: 14.22 | AJ17: Win rate | AK17: =COUNTIFS(D:D,"<55503",U:U,">0")/COUNTIF(D:D,"<55503") -> 0.63157895 | AL17: =COUNTIFS(D:D,">=55503",U:U,">0")/COUNTIF(D:D,">=55503") -> 0.75
A18: 1 | B18: JPM | C18: GS | D18: 30059 | E18: 307.04 | F18: 805.745 | G18: 307.0707 | H18: 805.66443 | I18: -3.8618259 | J18: 0.65390315 | K18: 0.032569046 | L18: -0.0081155099 | M18: LONG | N18: 6 | O18: signal | P18: 30065 | Q18: 308.48 | R18: 807.56 | S18: -0.319723 | T18: 0.032169776 | U18: 0.028855807 | V18: 0.0033078755 | W18: 0.025547932 | X18: =WORKDAY(DATE(2025,8,2),INT(D18/390)) -> 45979 | Y18: =WORKDAY(DATE(2025,8,2),INT(P18/390)) -> 45979 | Z18: {=_xlfn.XLOOKUP(INT(X18),INT($AE$2:$AE$1000),$AG$2:$AG$1000,"")} -> 24.69 | AE18: =IF(ISNUMBER(AF18),DATE(YEAR(AF18),DAY(AF18),MONTH(AF18)),DATE(RIGHT(AF18,4),LEFT(AF18,2),MID(AF18,4,2))) -> 45894 | AF18: 08/25/2025 | AG18: 14.79 | AJ18: Avg winner | AK18: =AVERAGEIFS(U:U,D:D,"<55503",U:U,">0") -> 0.024278162 | AL18: =AVERAGEIFS(U:U,D:D,">=55503",U:U,">0") -> 0.041581096
A19: 1 | B19: JPM | C19: GS | D19: 31217 | E19: 297.97 | F19: 792.37 | G19: 297.9998 | H19: 792.29076 | I19: -3.574562 | J19: 0.65390315 | K19: 0.033560426 | L19: -0.0082524976 | M19: LONG | N19: 10 | O19: signal | P19: 31227 | Q19: 299.32 | R19: 795.235 | S19: -0.43617298 | T19: 0.021663169 | U19: 0.018348468 | V19: 0.0033078755 | W19: 0.015040592 | X19: =WORKDAY(DATE(2025,8,2),INT(D19/390)) -> 45982 | Y19: =WORKDAY(DATE(2025,8,2),INT(P19/390)) -> 45982 | Z19: {=_xlfn.XLOOKUP(INT(X19),INT($AE$2:$AE$1000),$AG$2:$AG$1000,"")} -> 23.43 | AE19: =IF(ISNUMBER(AF19),DATE(YEAR(AF19),DAY(AF19),MONTH(AF19)),DATE(RIGHT(AF19,4),LEFT(AF19,2),MID(AF19,4,2))) -> 45895 | AF19: 08/26/2025 | AG19: 14.62 | AJ19: Avg loser | AK19: =AVERAGEIFS(U:U,D:D,"<55503",U:U,"<0") -> -0.027741433 | AL19: =AVERAGEIFS(U:U,D:D,">=55503",U:U,"<0") -> -0.022054826
A20: 2 | B20: BAC | C20: WFC | D20: 31801 | E20: 53.09 | F20: 85.965 | G20: 53.095309 | H20: 85.956404 | I20: -5.2946208 | J20: 0.73858207 | K20: 0.18835939 | L20: -0.085916602 | M20: LONG | N20: 23 | O20: signal | P20: 31824 | Q20: 53.09 | R20: 86 | S20: -0.49061199 | T20: -0.0030070811 | U20: -0.0064845459 | V20: 0.0034772164 | W20: -0.0099617624 | X20: =WORKDAY(DATE(2025,8,2),INT(D20/390)) -> 45985 | Y20: =WORKDAY(DATE(2025,8,2),INT(P20/390)) -> 45985 | Z20: {=_xlfn.XLOOKUP(INT(X20),INT($AE$2:$AE$1000),$AG$2:$AG$1000,"")} -> 20.52 | AE20: =IF(ISNUMBER(AF20),DATE(YEAR(AF20),DAY(AF20),MONTH(AF20)),DATE(RIGHT(AF20,4),LEFT(AF20,2),MID(AF20,4,2))) -> 45896 | AF20: 08/27/2025 | AG20: 14.85 | AJ20: Avg holding time | AK20: =AVERAGEIF(D:D,"<55503",N:N) -> 16.578947 | AL20: =AVERAGEIF(D:D,">=55503",N:N) -> 13.34375
A21: 2 | B21: BAC | C21: WFC | D21: 32007 | E21: 53.05 | F21: 85.48 | G21: 53.044695 | H21: 85.488548 | I21: 4.5358082 | J21: 0.73858207 | K21: -0.18850141 | L21: 0.08640408 | M21: SHORT | N21: 48 | O21: signal | P21: 32055 | Q21: 53.64 | R21: 85.89 | S21: 0.45483687 | T21: -0.075790161 | U21: -0.07928199 | V21: 0.0034771119 | W21: -0.082759102 | X21: =WORKDAY(DATE(2025,8,2),INT(D21/390)) -> 45986 | Y21: =WORKDAY(DATE(2025,8,2),INT(P21/390)) -> 45986 | Z21: {=_xlfn.XLOOKUP(INT(X21),INT($AE$2:$AE$1000),$AG$2:$AG$1000,"")} -> 18.56 | AE21: =IF(ISNUMBER(AF21),DATE(YEAR(AF21),DAY(AF21),MONTH(AF21)),DATE(RIGHT(AF21,4),LEFT(AF21,2),MID(AF21,4,2))) -> 45897 | AF21: 08/28/2025 | AG21: 14.43 | AJ21: Avg |entry Z| | AK21: {=SUMPRODUCT((D2:D998<55503)*ABS(I2:I998))/COUNTIF(D2:D998,"<55503")} -> 4.1580935 | AL21: {=SUMPRODUCT((D2:D998>=55503)*ABS(I2:I998))/COUNTIF(D2:D998,">=55503")} -> 4.1719751
A22: 2 | B22: BAC | C22: WFC | D22: 32217 | E22: 53.525 | F22: 85.885 | G22: 53.530352 | H22: 85.876412 | I22: -4.2270289 | J22: 0.73858207 | K22: 0.18682858 | L22: -0.085996632 | M22: LONG | N22: 1 | O22: signal | P22: 32218 | Q22: 53.54 | R22: 85.66 | S22: 0.16301468 | T22: 0.022151671 | U22: 0.018676161 | V22: 0.0034772164 | W22: 0.015198945 | X22: =WORKDAY(DATE(2025,8,2),INT(D22/390)) -> 45986 | Y22: =WORKDAY(DATE(2025,8,2),INT(P22/390)) -> 45986 | Z22: {=_xlfn.XLOOKUP(INT(X22),INT($AE$2:$AE$1000),$AG$2:$AG$1000,"")} -> 18.56 | AE22: =IF(ISNUMBER(AF22),DATE(YEAR(AF22),DAY(AF22),MONTH(AF22)),DATE(RIGHT(AF22,4),LEFT(AF22,2),MID(AF22,4,2))) -> 45898 | AF22: 08/29/2025 | AG22: 15.36
A23: 2 | B23: BAC | C23: WFC | D23: 32614 | E23: 53.25 | F23: 85.77 | G23: 53.255325 | H23: 85.761423 | I23: -3.6888174 | J23: 0.73858207 | K23: 0.18779343 | L23: -0.086111936 | M23: LONG | N23: 17 | O23: signal | P23: 32631 | Q23: 53.135 | R23: 85.39 | S23: -0.28159101 | T23: 0.011126291 | U23: 0.0076545592 | V23: 0.0034772164 | W23: 0.0041773427 | X23: =WORKDAY(DATE(2025,8,2),INT(D23/390)) -> 45987 | Y23: =WORKDAY(DATE(2025,8,2),INT(P23/390)) -> 45987 | Z23: {=_xlfn.XLOOKUP(INT(X23),INT($AE$2:$AE$1000),$AG$2:$AG$1000,"")} -> 17.19 | AE23: =IF(ISNUMBER(AF23),DATE(YEAR(AF23),DAY(AF23),MONTH(AF23)),DATE(RIGHT(AF23,4),LEFT(AF23,2),MID(AF23,4,2))) -> 45901 | AF23: 45666 | AG23: 16.12
A24: 2 | B24: BAC | C24: WFC | D24: 32998 | E24: 53.3 | F24: 86.31 | G24: 53.29467 | H24: 86.318631 | I24: 4.1634247 | J24: 0.73858207 | K24: -0.18761726 | L24: 0.085573175 | M24: SHORT | N24: 17 | O24: signal | P24: 33015 | Q24: 53.525 | R24: 86.83 | S24: 0.4746937 | T24: 0.0022841673 | U24: -0.0012016681 | V24: 0.0034771119 | W24: -0.0046787799 | X24: =WORKDAY(DATE(2025,8,2),INT(D24/390)) -> 45988 | Y24: =WORKDAY(DATE(2025,8,2),INT(P24/390)) -> 45988 | Z24: {=_xlfn.XLOOKUP(INT(X24),INT($AE$2:$AE$1000),$AG$2:$AG$1000,"")} -> 17.21 | AE24: =IF(ISNUMBER(AF24),DATE(YEAR(AF24),DAY(AF24),MONTH(AF24)),DATE(RIGHT(AF24,4),LEFT(AF24,2),MID(AF24,4,2))) -> 45902 | AF24: 45697 | AG24: 17.17
A25: 2 | B25: BAC | C25: WFC | D25: 34559 | E25: 54.005 | F25: 89.76 | G25: 53.9996 | H25: 89.768976 | I25: 3.5672352 | J25: 0.73858207 | K25: -0.18516804 | L25: 0.082284099 | M25: SHORT | N25: 5 | O25: signal | P25: 34564 | Q25: 53.83 | R25: 89.755 | S25: 0.11894705 | T25: 0.031992987 | U25: 0.028519104 | V25: 0.0034771119 | W25: 0.025041992 | X25: =WORKDAY(DATE(2025,8,2),INT(D25/390)) -> 45994 | Y25: =WORKDAY(DATE(2025,8,2),INT(P25/390)) -> 45994 | Z25: {=_xlfn.XLOOKUP(INT(X25),INT($AE$2:$AE$1000),$AG$2:$AG$1000,"")} -> 16.08 | AE25: =IF(ISNUMBER(AF25),DATE(YEAR(AF25),DAY(AF25),MONTH(AF25)),DATE(RIGHT(AF25,4),LEFT(AF25,2),MID(AF25,4,2))) -> 45903 | AF25: 45725 | AG25: 16.35
A26: 2 | B26: BAC | C26: WFC | D26: 35304 | E26: 53.915 | F26: 90.32 | G26: 53.920392 | H26: 90.310968 | I26: -3.5605368 | J26: 0.73858207 | K26: 0.18547714 | L26: -0.081773923 | M26: LONG | N26: 6 | O26: signal | P26: 35310 | Q26: 54.27 | R26: 90.385 | S26: 0.059936539 | T26: 0.06052908 | U26: 0.0570448 | V26: 0.0034772164 | W26: 0.053567583 | X26: =WORKDAY(DATE(2025,8,2),INT(D26/390)) -> 45996 | Y26: =WORKDAY(DATE(2025,8,2),INT(P26/390)) -> 45996 | Z26: {=_xlfn.XLOOKUP(INT(X26),INT($AE$2:$AE$1000),$AG$2:$AG$1000,"")} -> 15.41 | AE26: =IF(ISNUMBER(AF26),DATE(YEAR(AF26),DAY(AF26),MONTH(AF26)),DATE(RIGHT(AF26,4),LEFT(AF26,2),MID(AF26,4,2))) -> 45904 | AF26: 45756 | AG26: 15.3
A27: 2 | B27: BAC | C27: WFC | D27: 35659 | E27: 54.485 | F27: 93.055 | G27: 54.479551 | H27: 93.064306 | I27: 3.9191208 | J27: 0.73858207 | K27: -0.18353675 | L27: 0.079370488 | M27: SHORT | N27: 66 | O27: signal | P27: 35725 | Q27: 54.545 | R27: 92.655 | S27: 0.45326715 | T27: -0.0427604 | U27: -0.046235491 | V27: 0.0034771119 | W27: -0.049712603 | X27: =WORKDAY(DATE(2025,8,2),INT(D27/390)) -> 45999 | Y27: =WORKDAY(DATE(2025,8,2),INT(P27/390)) -> 45999 | Z27: {=_xlfn.XLOOKUP(INT(X27),INT($AE$2:$AE$1000),$AG$2:$AG$1000,"")} -> 16.66 | AE27: =IF(ISNUMBER(AF27),DATE(YEAR(AF27),DAY(AF27),MONTH(AF27)),DATE(RIGHT(AF27,4),LEFT(AF27,2),MID(AF27,4,2))) -> 45905 | AF27: 45786 | AG27: 15.18
A28: 3 | B28: BAC | C28: WFC | D28: 36509 | E28: 54.965 | F28: 93.105 | G28: 54.970497 | H28: 93.09569 | I28: -4.8712868 | J28: 0.67544695 | K28: 0.18193396 | L28: -0.072546796 | M28: LONG | N28: 7 | O28: signal | P28: 36516 | Q28: 55.35 | R28: 93.03 | S28: -0.41313051 | T28: 0.075485584 | U28: 0.072128229 | V28: 0.0033509588 | W28: 0.06877727 | X28: =WORKDAY(DATE(2025,8,2),INT(D28/390)) -> 46001 | Y28: =WORKDAY(DATE(2025,8,2),INT(P28/390)) -> 46001 | Z28: {=_xlfn.XLOOKUP(INT(X28),INT($AE$2:$AE$1000),$AG$2:$AG$1000,"")} -> 15.77 | AE28: =IF(ISNUMBER(AF28),DATE(YEAR(AF28),DAY(AF28),MONTH(AF28)),DATE(RIGHT(AF28,4),LEFT(AF28,2),MID(AF28,4,2))) -> 45908 | AF28: 45878 | AG28: 15.11
A29: 3 | B29: BAC | C29: WFC | D29: 37290 | E29: 54.595 | F29: 93.11 | G29: 54.600459 | H29: 93.100689 | I29: -3.9272584 | J29: 0.67544695 | K29: 0.18316696 | L29: -0.0725429 | M29: LONG | N29: 25 | O29: signal | P29: 37315 | Q29: 55.1 | R29: 93.705 | S29: 0.14678068 | T29: 0.049336287 | U29: 0.045971827 | V29: 0.0033509588 | W29: 0.042620868 | X29: =WORKDAY(DATE(2025,8,2),INT(D29/390)) -> 46003 | Y29: =WORKDAY(DATE(2025,8,2),INT(P29/390)) -> 46003 | Z29: {=_xlfn.XLOOKUP(INT(X29),INT($AE$2:$AE$1000),$AG$2:$AG$1000,"")} -> 15.74 | AE29: =IF(ISNUMBER(AF29),DATE(YEAR(AF29),DAY(AF29),MONTH(AF29)),DATE(RIGHT(AF29,4),LEFT(AF29,2),MID(AF29,4,2))) -> 45909 | AF29: 45909 | AG29: 15.04
A30: 3 | B30: BAC | C30: WFC | D30: 37679 | E30: 54.57 | F30: 91.7 | G30: 54.564543 | H30: 91.70917 | I30: 4.6807257 | J30: 0.67544695 | K30: -0.18325087 | L30: 0.073658336 | M30: SHORT | N30: 22 | O30: signal | P30: 37701 | Q30: 54.75 | R30: 92.075 | S30: 0.41292147 | T30: -0.0053632805 | U30: -0.0087202351 | V30: 0.003350829 | W30: -0.012071064 | X30: =WORKDAY(DATE(2025,8,2),INT(D30/390)) -> 46006 | Y30: =WORKDAY(DATE(2025,8,2),INT(P30/390)) -> 46006 | Z30: {=_xlfn.XLOOKUP(INT(X30),INT($AE$2:$AE$1000),$AG$2:$AG$1000,"")} -> 16.5 | AE30: =IF(ISNUMBER(AF30),DATE(YEAR(AF30),DAY(AF30),MONTH(AF30)),DATE(RIGHT(AF30,4),LEFT(AF30,2),MID(AF30,4,2))) -> 45910 | AF30: 45939 | AG30: 15.35
A31: 3 | B31: BAC | C31: WFC | D31: 38190 | E31: 55.87 | F31: 94.01 | G31: 55.864413 | H31: 94.019401 | I31: 3.6342178 | J31: 0.67544695 | K31: -0.17898693 | L31: 0.071848415 | M31: SHORT | N31: 16 | O31: signal | P31: 38206 | Q31: 55.915 | R31: 94.115 | S31: 0.48719907 | T31: -0.0005103285 | U31: -0.0038627822 | V31: 0.003350829 | W31: -0.0072136112 | X31: =WORKDAY(DATE(2025,8,2),INT(D31/390)) -> 46007 | Y31: =WORKDAY(DATE(2025,8,2),INT(P31/390)) -> 46007 | Z31: {=_xlfn.XLOOKUP(INT(X31),INT($AE$2:$AE$1000),$AG$2:$AG$1000,"")} -> 16.48 | AE31: =IF(ISNUMBER(AF31),DATE(YEAR(AF31),DAY(AF31),MONTH(AF31)),DATE(RIGHT(AF31,4),LEFT(AF31,2),MID(AF31,4,2))) -> 45911 | AF31: 45970 | AG31: 14.71
A32: 3 | B32: BAC | C32: WFC | D32: 38306 | E32: 55.98 | F32: 93.99 | G32: 55.985598 | H32: 93.980601 | I32: -4.0638487 | J32: 0.67544695 | K32: 0.17863523 | L32: -0.071863703 | M32: LONG | N32: 27 | O32: signal | P32: 38333 | Q32: 55.955 | R32: 93.96 | S32: 0.017472686 | T32: -0.0023099696 | U32: -0.0056602013 | V32: 0.0033509588 | W32: -0.0090111601 | X32: =WORKDAY(DATE(2025,8,2),INT(D32/390)) -> 46008 | Y32: =WORKDAY(DATE(2025,8,2),INT(P32/390)) -> 46008 | Z32: {=_xlfn.XLOOKUP(INT(X32),INT($AE$2:$AE$1000),$AG$2:$AG$1000,"")} -> 17.62 | AE32: =IF(ISNUMBER(AF32),DATE(YEAR(AF32),DAY(AF32),MONTH(AF32)),DATE(RIGHT(AF32,4),LEFT(AF32,2),MID(AF32,4,2))) -> 45912 | AF32: 46000 | AG32: 14.76
A33: 3 | B33: BAC | C33: WFC | D33: 38659 | E33: 55.95 | F33: 94.22 | G33: 55.955595 | H33: 94.210578 | I33: -3.6283825 | J33: 0.67544695 | K33: 0.17873101 | L33: -0.071688277 | M33: LONG | N33: 15 | O33: signal | P33: 38674 | Q33: 56.025 | R33: 94.29 | S33: 0.17646003 | T33: 0.0083866464 | U33: 0.0050339102 | V33: 0.0033509588 | W33: 0.0016829514 | X33: =WORKDAY(DATE(2025,8,2),INT(D33/390)) -> 46009 | Y33: =WORKDAY(DATE(2025,8,2),INT(P33/390)) -> 46009 | Z33: {=_xlfn.XLOOKUP(INT(X33),INT($AE$2:$AE$1000),$AG$2:$AG$1000,"")} -> 16.87 | AE33: =IF(ISNUMBER(AF33),DATE(YEAR(AF33),DAY(AF33),MONTH(AF33)),DATE(RIGHT(AF33,4),LEFT(AF33,2),MID(AF33,4,2))) -> 45915 | AF33: 09/15/2025 | AG33: 15.69
A34: 3 | B34: BAC | C34: WFC | D34: 39059 | E34: 56.42 | F34: 95.27 | G34: 56.414358 | H34: 95.279527 | I34: 3.7111055 | J34: 0.67544695 | K34: -0.17724211 | L34: 0.070898178 | M34: SHORT | N34: 9 | O34: signal | P34: 39068 | Q34: 56.34 | R34: 95.295 | S34: 0.16521923 | T34: 0.015951823 | U34: 0.01260217 | V34: 0.003350829 | W34: 0.0092513413 | X34: =WORKDAY(DATE(2025,8,2),INT(D34/390)) -> 46010 | Y34: =WORKDAY(DATE(2025,8,2),INT(P34/390)) -> 46010 | Z34: {=_xlfn.XLOOKUP(INT(X34),INT($AE$2:$AE$1000),$AG$2:$AG$1000,"")} -> 14.91 | AE34: =IF(ISNUMBER(AF34),DATE(YEAR(AF34),DAY(AF34),MONTH(AF34)),DATE(RIGHT(AF34,4),LEFT(AF34,2),MID(AF34,4,2))) -> 45916 | AF34: 09/16/2025 | AG34: 16.36
A35: 3 | B35: BAC | C35: WFC | D35: 39449 | E35: 56.095 | F35: 95.37 | G35: 56.100609 | H35: 95.360463 | I35: -3.6509999 | J35: 0.67544695 | K35: 0.17826901 | L35: -0.070823838 | M35: LONG | N35: 23 | O35: signal | P35: 39472 | Q35: 55.91 | R35: 94.92 | S35: -0.48824636 | T35: -0.0011090393 | U35: -0.0044534481 | V35: 0.0033509588 | W35: -0.0078044069 | X35: =WORKDAY(DATE(2025,8,2),INT(D35/390)) -> 46013 | Y35: =WORKDAY(DATE(2025,8,2),INT(P35/390)) -> 46013 | Z35: {=_xlfn.XLOOKUP(INT(X35),INT($AE$2:$AE$1000),$AG$2:$AG$1000,"")} -> 14.08 | AE35: =IF(ISNUMBER(AF35),DATE(YEAR(AF35),DAY(AF35),MONTH(AF35)),DATE(RIGHT(AF35,4),LEFT(AF35,2),MID(AF35,4,2))) -> 45917 | AF35: 09/17/2025 | AG35: 15.72
A36: 4 | B36: BAC | C36: WFC | D36: 39601 | E36: 55.465 | F36: 94.535 | G36: 55.459454 | H36: 94.544453 | I36: 5.2938913 | J36: 0.65333461 | K36: -0.18029388 | L36: 0.069110341 | M36: SHORT | N36: 23 | O36: signal | P36: 39624 | Q36: 55.43 | R36: 94.45 | S36: 0.48129623 | T36: 0.00043590681 | U36: -0.0028695439 | V36: 0.0033065999 | W36: -0.0061761438 | X36: =WORKDAY(DATE(2025,8,2),INT(D36/390)) -> 46013 | Y36: =WORKDAY(DATE(2025,8,2),INT(P36/390)) -> 46013 | Z36: {=_xlfn.XLOOKUP(INT(X36),INT($AE$2:$AE$1000),$AG$2:$AG$1000,"")} -> 14.08 | AE36: =IF(ISNUMBER(AF36),DATE(YEAR(AF36),DAY(AF36),MONTH(AF36)),DATE(RIGHT(AF36,4),LEFT(AF36,2),MID(AF36,4,2))) -> 45918 | AF36: 09/18/2025 | AG36: 15.7
A37: 4 | B37: BAC | C37: WFC | D37: 39839 | E37: 55.6 | F37: 94.82 | G37: 55.59444 | H37: 94.829482 | I37: 5.0316061 | J37: 0.65333461 | K37: -0.17985612 | L37: 0.068902616 | M37: SHORT | N37: 15 | O37: signal | P37: 39854 | Q37: 55.325 | R37: 94.34 | S37: -0.086236821 | T37: 0.016387176 | U37: 0.01308876 | V37: 0.0033065999 | W37: 0.0097821602 | X37: =WORKDAY(DATE(2025,8,2),INT(D37/390)) -> 46014 | Y37: =WORKDAY(DATE(2025,8,2),INT(P37/390)) -> 46014 | Z37: {=_xlfn.XLOOKUP(INT(X37),INT($AE$2:$AE$1000),$AG$2:$AG$1000,"")} -> 14 | AE37: =IF(ISNUMBER(AF37),DATE(YEAR(AF37),DAY(AF37),MONTH(AF37)),DATE(RIGHT(AF37,4),LEFT(AF37,2),MID(AF37,4,2))) -> 45919 | AF37: 09/19/2025 | AG37: 15.45
A38: 4 | B38: BAC | C38: WFC | D38: 41009 | E38: 56.28 | F38: 95.5 | G38: 56.274372 | H38: 95.50955 | I38: 5.0228281 | J38: 0.65333461 | K38: -0.17768301 | L38: 0.068412001 | M38: SHORT | N38: 27 | O38: signal | P38: 41036 | Q38: 57.19 | R38: 96.84 | S38: 0.39209777 | T38: -0.070019462 | U38: -0.073351467 | V38: 0.0033065999 | W38: -0.076658067 | X38: =WORKDAY(DATE(2025,8,2),INT(D38/390)) -> 46017 | Y38: =WORKDAY(DATE(2025,8,2),INT(P38/390)) -> 46017 | Z38: {=_xlfn.XLOOKUP(INT(X38),INT($AE$2:$AE$1000),$AG$2:$AG$1000,"")} -> 13.6 | AE38: =IF(ISNUMBER(AF38),DATE(YEAR(AF38),DAY(AF38),MONTH(AF38)),DATE(RIGHT(AF38,4),LEFT(AF38,2),MID(AF38,4,2))) -> 45922 | AF38: 09/22/2025 | AG38: 16.1
A39: 4 | B39: BAC | C39: WFC | D39: 41201 | E39: 57.27 | F39: 97.02 | G39: 57.264273 | H39: 97.029702 | I39: 3.6553078 | J39: 0.65333461 | K39: -0.17461149 | L39: 0.067340198 | M39: SHORT | N39: 8 | O39: signal | P39: 41209 | Q39: 57.21 | R39: 97.1 | S39: 0.10476352 | T39: 0.015863905 | U39: 0.012557745 | V39: 0.0033065999 | W39: 0.0092511451 | X39: =WORKDAY(DATE(2025,8,2),INT(D39/390)) -> 46017 | Y39: =WORKDAY(DATE(2025,8,2),INT(P39/390)) -> 46017 | Z39: {=_xlfn.XLOOKUP(INT(X39),INT($AE$2:$AE$1000),$AG$2:$AG$1000,"")} -> 13.6 | AE39: =IF(ISNUMBER(AF39),DATE(YEAR(AF39),DAY(AF39),MONTH(AF39)),DATE(RIGHT(AF39,4),LEFT(AF39,2),MID(AF39,4,2))) -> 45923 | AF39: 09/23/2025 | AG39: 16.64
A40: 4 | B40: BAC | C40: WFC | D40: 41399 | E40: 57.19 | F40: 95.59 | G40: 57.184281 | H40: 95.599559 | I40: 5.0111564 | J40: 0.65333461 | K40: -0.17485574 | L40: 0.068347589 | M40: SHORT | N40: 15 | O40: signal | P40: 41414 | Q40: 56.91 | R40: 95.525 | S40: 0.46103593 | T40: 0.044517015 | U40: 0.041215686 | V40: 0.0033065999 | W40: 0.037909086 | X40: =WORKDAY(DATE(2025,8,2),INT(D40/390)) -> 46020 | Y40: =WORKDAY(DATE(2025,8,2),INT(P40/390)) -> 46020 | Z40: {=_xlfn.XLOOKUP(INT(X40),INT($AE$2:$AE$1000),$AG$2:$AG$1000,"")} -> 14.2 | AE40: =IF(ISNUMBER(AF40),DATE(YEAR(AF40),DAY(AF40),MONTH(AF40)),DATE(RIGHT(AF40,4),LEFT(AF40,2),MID(AF40,4,2))) -> 45924 | AF40: 09/24/2025 | AG40: 16.18
A41: 4 | B41: BAC | C41: WFC | D41: 41790 | E41: 56.665 | F41: 95.725 | G41: 56.670667 | H41: 95.715427 | I41: -4.5347559 | J41: 0.65333461 | K41: 0.17647578 | L41: -0.068251199 | M41: LONG | N41: 35 | O41: signal | P41: 41825 | Q41: 56.145 | R41: 94.71 | S41: -0.064708702 | T41: -0.022492438 | U41: -0.025783003 | V41: 0.0033067385 | W41: -0.029089741 | X41: =WORKDAY(DATE(2025,8,2),INT(D41/390)) -> 46021 | Y41: =WORKDAY(DATE(2025,8,2),INT(P41/390)) -> 46021 | Z41: {=_xlfn.XLOOKUP(INT(X41),INT($AE$2:$AE$1000),$AG$2:$AG$1000,"")} -> 14.33 | AE41: =IF(ISNUMBER(AF41),DATE(YEAR(AF41),DAY(AF41),MONTH(AF41)),DATE(RIGHT(AF41,4),LEFT(AF41,2),MID(AF41,4,2))) -> 45925 | AF41: 09/25/2025 | AG41: 16.74
A42: 4 | B42: BAC | C42: WFC | D42: 42180 | E42: 55.58 | F42: 94.41 | G42: 55.585558 | H42: 94.400559 | I42: -4.0714174 | J42: 0.65333461 | K42: 0.17992083 | L42: -0.069201844 | M42: LONG | N42: 1 | O42: signal | P42: 42181 | Q42: 55.77 | R42: 94.43 | S42: 0.11846267 | T42: 0.032800922 | U42: 0.029490696 | V42: 0.0033067385 | W42: 0.026183957 | X42: =WORKDAY(DATE(2025,8,2),INT(D42/390)) -> 46022 | Y42: =WORKDAY(DATE(2025,8,2),INT(P42/390)) -> 46022 | Z42: {=_xlfn.XLOOKUP(INT(X42),INT($AE$2:$AE$1000),$AG$2:$AG$1000,"")} -> 14.95 | AE42: =IF(ISNUMBER(AF42),DATE(YEAR(AF42),DAY(AF42),MONTH(AF42)),DATE(RIGHT(AF42,4),LEFT(AF42,2),MID(AF42,4,2))) -> 45926 | AF42: 09/26/2025 | AG42: 15.29
A43: 4 | B43: BAC | C43: WFC | D43: 42960 | E43: 55.29 | F43: 95.93 | G43: 55.295529 | H43: 95.920407 | I43: -5.0836438 | J43: 0.65333461 | K43: 0.18086453 | L43: -0.068105348 | M43: LONG | N43: 5 | O43: signal | P43: 42965 | Q43: 55.08 | R43: 94.22 | S43: -0.47005701 | T43: 0.078478594 | U43: 0.075187369 | V43: 0.0033067385 | W43: 0.07188063 | X43: =WORKDAY(DATE(2025,8,2),INT(D43/390)) -> 46024 | Y43: =WORKDAY(DATE(2025,8,2),INT(P43/390)) -> 46024 | Z43: {=_xlfn.XLOOKUP(INT(X43),INT($AE$2:$AE$1000),$AG$2:$AG$1000,"")} -> 14.51 | AE43: =IF(ISNUMBER(AF43),DATE(YEAR(AF43),DAY(AF43),MONTH(AF43)),DATE(RIGHT(AF43,4),LEFT(AF43,2),MID(AF43,4,2))) -> 45929 | AF43: 09/29/2025 | AG43: 16.12
A44: 4 | B44: BAC | C44: WFC | D44: 43332 | E44: 55.17 | F44: 94.905 | G44: 55.164483 | H44: 94.91449 | I44: 3.7294972 | J44: 0.65333461 | K44: -0.18125793 | L44: 0.068840905 | M44: SHORT | N44: 6 | O44: signal | P44: 43338 | Q44: 55.115 | R44: 94.925 | S44: 0.19387848 | T44: 0.011346004 | U44: 0.0080401943 | V44: 0.0033065999 | W44: 0.0047335944 | X44: =WORKDAY(DATE(2025,8,2),INT(D44/390)) -> 46027 | Y44: =WORKDAY(DATE(2025,8,2),INT(P44/390)) -> 46027 | Z44: {=_xlfn.XLOOKUP(INT(X44),INT($AE$2:$AE$1000),$AG$2:$AG$1000,"")} -> 14.9 | AE44: =IF(ISNUMBER(AF44),DATE(YEAR(AF44),DAY(AF44),MONTH(AF44)),DATE(RIGHT(AF44,4),LEFT(AF44,2),MID(AF44,4,2))) -> 45930 | AF44: 09/30/2025 | AG44: 16.28
A45: 5 | B45: BAC | C45: WFC | D45: 43501 | E45: 54.725 | F45: 94.52 | G45: 54.719528 | H45: 94.529452 | I45: 5.2936414 | J45: 0.60699764 | K45: -0.18273184 | L45: 0.064218963 | M45: SHORT | N45: 23 | O45: signal | P45: 43524 | Q45: 54.645 | R45: 94.51 | S45: 0.47600915 | T45: 0.013976358 | U45: 0.010763888 | V45: 0.0032139167 | W45: 0.0075499718 | X45: =WORKDAY(DATE(2025,8,2),INT(D45/390)) -> 46027 | Y45: =WORKDAY(DATE(2025,8,2),INT(P45/390)) -> 46027 | Z45: {=_xlfn.XLOOKUP(INT(X45),INT($AE$2:$AE$1000),$AG$2:$AG$1000,"")} -> 14.9 | AE45: =IF(ISNUMBER(AF45),DATE(YEAR(AF45),DAY(AF45),MONTH(AF45)),DATE(RIGHT(AF45,4),LEFT(AF45,2),MID(AF45,4,2))) -> 45931 | AF45: 45667 | AG45: 16.29
A46: 5 | B46: BAC | C46: WFC | D46: 43742 | E46: 53.85 | F46: 93.51 | G46: 53.855385 | H46: 93.500649 | I46: -5.0372677 | J46: 0.60699764 | K46: 0.18570102 | L46: -0.064912591 | M46: LONG | N46: 13 | O46: signal | P46: 43755 | Q46: 52.7 | R46: 90.31 | S46: -0.44386941 | T46: -0.0058358835 | U46: -0.0090077511 | V46: 0.0032140739 | W46: -0.012221825 | X46: =WORKDAY(DATE(2025,8,2),INT(D46/390)) -> 46028 | Y46: =WORKDAY(DATE(2025,8,2),INT(P46/390)) -> 46028 | Z46: {=_xlfn.XLOOKUP(INT(X46),INT($AE$2:$AE$1000),$AG$2:$AG$1000,"")} -> 14.75 | AE46: =IF(ISNUMBER(AF46),DATE(YEAR(AF46),DAY(AF46),MONTH(AF46)),DATE(RIGHT(AF46,4),LEFT(AF46,2),MID(AF46,4,2))) -> 45932 | AF46: 45698 | AG46: 16.63
A47: 5 | B47: BAC | C47: WFC | D47: 44003 | E47: 52.16 | F47: 88.9 | G47: 52.154784 | H47: 88.90889 | I47: 3.5004358 | J47: 0.60699764 | K47: -0.19171779 | L47: 0.068278699 | M47: SHORT | N47: 21 | O47: signal | P47: 44024 | Q47: 52.29 | R47: 88.99 | S47: 0.49471769 | T47: -0.01877823 | U47: -0.021995332 | V47: 0.0032139167 | W47: -0.025209249 | X47: =WORKDAY(DATE(2025,8,2),INT(D47/390)) -> 46028 | Y47: =WORKDAY(DATE(2025,8,2),INT(P47/390)) -> 46028 | Z47: {=_xlfn.XLOOKUP(INT(X47),INT($AE$2:$AE$1000),$AG$2:$AG$1000,"")} -> 14.75 | AE47: =IF(ISNUMBER(AF47),DATE(YEAR(AF47),DAY(AF47),MONTH(AF47)),DATE(RIGHT(AF47,4),LEFT(AF47,2),MID(AF47,4,2))) -> 45933 | AF47: 45726 | AG47: 16.65
A48: 5 | B48: BAC | C48: WFC | D48: 44541 | E48: 52.91 | F48: 89.31 | G48: 52.904709 | H48: 89.318931 | I48: 4.4053722 | J48: 0.60699764 | K48: -0.18900019 | L48: 0.067965249 | M48: SHORT | N48: 3 | O48: signal | P48: 44544 | Q48: 52.54 | R48: 88.84 | S48: -0.031865356 | T48: 0.037986403 | U48: 0.034782595 | V48: 0.0032139167 | W48: 0.031568678 | X48: =WORKDAY(DATE(2025,8,2),INT(D48/390)) -> 46030 | Y48: =WORKDAY(DATE(2025,8,2),INT(P48/390)) -> 46030 | Z48: {=_xlfn.XLOOKUP(INT(X48),INT($AE$2:$AE$1000),$AG$2:$AG$1000,"")} -> 15.45 | AE48: =IF(ISNUMBER(AF48),DATE(YEAR(AF48),DAY(AF48),MONTH(AF48)),DATE(RIGHT(AF48,4),LEFT(AF48,2),MID(AF48,4,2))) -> 45936 | AF48: 45818 | AG48: 16.37
A49: 5 | B49: BAC | C49: WFC | D49: 44934 | E49: 52.345 | F49: 87.17 | G49: 52.350234 | H49: 87.161283 | I49: -3.7539575 | J49: 0.60699764 | K49: 0.19104021 | L49: -0.069633777 | M49: LONG | N49: 14 | O49: signal | P49: 44948 | Q49: 52.715 | R49: 87.87 | S49: -0.18276601 | T49: 0.021941235 | U49: 0.018715297 | V49: 0.0032140739 | W49: 0.015501223 | X49: =WORKDAY(DATE(2025,8,2),INT(D49/390)) -> 46031 | Y49: =WORKDAY(DATE(2025,8,2),INT(P49/390)) -> 46031 | Z49: {=_xlfn.XLOOKUP(INT(X49),INT($AE$2:$AE$1000),$AG$2:$AG$1000,"")} -> 14.49 | AE49: =IF(ISNUMBER(AF49),DATE(YEAR(AF49),DAY(AF49),MONTH(AF49)),DATE(RIGHT(AF49,4),LEFT(AF49,2),MID(AF49,4,2))) -> 45937 | AF49: 45848 | AG49: 17.24
A50: 5 | B50: BAC | C50: WFC | D50: 45515 | E50: 52.44 | F50: 86.845 | G50: 52.434756 | H50: 86.853684 | I50: 3.7192284 | J50: 0.60699764 | K50: -0.19069413 | L50: 0.069894368 | M50: SHORT | N50: 19 | O50: signal | P50: 45534 | Q50: 52.39 | R50: 86.78 | S50: 0.22693364 | T50: 0.0049915724 | U50: 0.0017789849 | V50: 0.0032139167 | W50: -0.0014349318 | X50: =WORKDAY(DATE(2025,8,2),INT(D50/390)) -> 46034 | Y50: =WORKDAY(DATE(2025,8,2),INT(P50/390)) -> 46034 | Z50: {=_xlfn.XLOOKUP(INT(X50),INT($AE$2:$AE$1000),$AG$2:$AG$1000,"")} -> 15.12 | AE50: =IF(ISNUMBER(AF50),DATE(YEAR(AF50),DAY(AF50),MONTH(AF50)),DATE(RIGHT(AF50,4),LEFT(AF50,2),MID(AF50,4,2))) -> 45938 | AF50: 45879 | AG50: 16.3
A51: 5 | B51: BAC | C51: WFC | D51: 45712 | E51: 52.63 | F51: 86.45 | G51: 52.624737 | H51: 86.458645 | I51: 4.7581025 | J51: 0.60699764 | K51: -0.1900057 | L51: 0.070213723 | M51: SHORT | N51: 13 | O51: signal | P51: 45725 | Q51: 52.805 | R51: 87.42 | S51: 0.28526969 | T51: 0.034856314 | U51: 0.031632183 | V51: 0.0032139167 | W51: 0.028418266 | X51: =WORKDAY(DATE(2025,8,2),INT(D51/390)) -> 46035 | Y51: =WORKDAY(DATE(2025,8,2),INT(P51/390)) -> 46035 | Z51: {=_xlfn.XLOOKUP(INT(X51),INT($AE$2:$AE$1000),$AG$2:$AG$1000,"")} -> 15.98 | AE51: =IF(ISNUMBER(AF51),DATE(YEAR(AF51),DAY(AF51),MONTH(AF51)),DATE(RIGHT(AF51,4),LEFT(AF51,2),MID(AF51,4,2))) -> 45939 | AF51: 45910 | AG51: 16.43
A52: 5 | B52: BAC | C52: WFC | D52: 45806 | E52: 52.82 | F52: 88.225 | G52: 52.814718 | H52: 88.233822 | I52: 3.5419216 | J52: 0.60699764 | K52: -0.18932223 | L52: 0.068801092 | M52: SHORT | N52: 9 | O52: signal | P52: 45815 | Q52: 52.805 | R52: 88.355 | S52: 0.26943153 | T52: 0.011783975 | U52: 0.0085693697 | V52: 0.0032139167 | W52: 0.005355453 | X52: =WORKDAY(DATE(2025,8,2),INT(D52/390)) -> 46035 | Y52: =WORKDAY(DATE(2025,8,2),INT(P52/390)) -> 46035 | Z52: {=_xlfn.XLOOKUP(INT(X52),INT($AE$2:$AE$1000),$AG$2:$AG$1000,"")} -> 15.98 | AE52: =IF(ISNUMBER(AF52),DATE(YEAR(AF52),DAY(AF52),MONTH(AF52)),DATE(RIGHT(AF52,4),LEFT(AF52,2),MID(AF52,4,2))) -> 45940 | AF52: 45940 | AG52: 21.66
A53: 5 | B53: BAC | C53: WFC | D53: 46105 | E53: 51.88 | F53: 87.05 | G53: 51.885188 | H53: 87.041295 | I53: -3.8454865 | J53: 0.60699764 | K53: 0.19275251 | L53: -0.069729769 | M53: LONG | N53: 13 | O53: signal | P53: 46118 | Q53: 51.82 | R53: 87.155 | S53: -0.46359032 | T53: -0.018886776 | U53: -0.022100347 | V53: 0.0032140739 | W53: -0.025314421 | X53: =WORKDAY(DATE(2025,8,2),INT(D53/390)) -> 46036 | Y53: =WORKDAY(DATE(2025,8,2),INT(P53/390)) -> 46036 | Z53: {=_xlfn.XLOOKUP(INT(X53),INT($AE$2:$AE$1000),$AG$2:$AG$1000,"")} -> 16.75 | AE53: =IF(ISNUMBER(AF53),DATE(YEAR(AF53),DAY(AF53),MONTH(AF53)),DATE(RIGHT(AF53,4),LEFT(AF53,2),MID(AF53,4,2))) -> 45943 | AF53: 10/13/2025 | AG53: 19.03
A54: 5 | B54: BAC | C54: WFC | D54: 46492 | E54: 51.84 | F54: 86.97 | G54: 51.834816 | H54: 86.978697 | I54: 3.7090224 | J54: 0.60699764 | K54: -0.19290123 | L54: 0.06979391 | M54: SHORT | N54: 4 | O54: signal | P54: 46496 | Q54: 51.925 | R54: 87.46 | S54: 0.40797626 | T54: 0.017802411 | U54: 0.014583356 | V54: 0.0032139167 | W54: 0.01136944 | X54: =WORKDAY(DATE(2025,8,2),INT(D54/390)) -> 46037 | Y54: =WORKDAY(DATE(2025,8,2),INT(P54/390)) -> 46037 | Z54: {=_xlfn.XLOOKUP(INT(X54),INT($AE$2:$AE$1000),$AG$2:$AG$1000,"")} -> 15.84 | AE54: =IF(ISNUMBER(AF54),DATE(YEAR(AF54),DAY(AF54),MONTH(AF54)),DATE(RIGHT(AF54,4),LEFT(AF54,2),MID(AF54,4,2))) -> 45944 | AF54: 10/14/2025 | AG54: 20.81
A55: 5 | B55: BAC | C55: WFC | D55: 47273 | E55: 51.95 | F55: 88.66 | G55: 51.955195 | H55: 88.651134 | I55: -4.0212474 | J55: 0.60699764 | K55: 0.19249278 | L55: -0.068463528 | M55: LONG | N55: 26 | O55: signal | P55: 47299 | Q55: 51.955 | R55: 88.9 | S55: -0.30297441 | T55: -0.015468783 | U55: -0.018684517 | V55: 0.0032140739 | W55: -0.021898591 | X55: =WORKDAY(DATE(2025,8,2),INT(D55/390)) -> 46041 | Y55: =WORKDAY(DATE(2025,8,2),INT(P55/390)) -> 46041 | Z55: {=_xlfn.XLOOKUP(INT(X55),INT($AE$2:$AE$1000),$AG$2:$AG$1000,"")} -> 18.84 | AE55: =IF(ISNUMBER(AF55),DATE(YEAR(AF55),DAY(AF55),MONTH(AF55)),DATE(RIGHT(AF55,4),LEFT(AF55,2),MID(AF55,4,2))) -> 45945 | AF55: 10/15/2025 | AG55: 20.64
A56: 6 | B56: JPM | C56: BAC | D56: 47401 | E56: 301.29 | F56: 51.65 | G56: 301.25987 | H56: 51.655165 | I56: 5.2942469 | J56: 1.0490293 | K56: -0.033190614 | L56: 0.20310346 | M56: SHORT | N56: 23 | O56: signal | P56: 47424 | Q56: 301.3 | R56: 51.675 | S56: 0.49052089 | T56: 0.0047456802 | U56: 0.0006470806 | V56: 0.0040980685 | W56: -0.0034509879 | X56: =WORKDAY(DATE(2025,8,2),INT(D56/390)) -> 46041 | Y56: =WORKDAY(DATE(2025,8,2),INT(P56/390)) -> 46041 | Z56: {=_xlfn.XLOOKUP(INT(X56),INT($AE$2:$AE$1000),$AG$2:$AG$1000,"")} -> 18.84 | AE56: =IF(ISNUMBER(AF56),DATE(YEAR(AF56),DAY(AF56),MONTH(AF56)),DATE(RIGHT(AF56,4),LEFT(AF56,2),MID(AF56,4,2))) -> 45946 | AF56: 10/16/2025 | AG56: 25.31
A57: 6 | B57: JPM | C57: BAC | D57: 47638 | E57: 300.86 | F57: 51.64 | G57: 300.89009 | H57: 51.634836 | I57: -3.5518788 | J57: 1.0490293 | K57: 0.033238051 | L57: -0.20314279 | M57: LONG | N57: 29 | O57: signal | P57: 47667 | Q57: 304.9 | R57: 52.38 | S57: 0.14843383 | T57: -0.016043936 | U57: -0.020170455 | V57: 0.0040980489 | W57: -0.024268504 | X57: =WORKDAY(DATE(2025,8,2),INT(D57/390)) -> 46042 | Y57: =WORKDAY(DATE(2025,8,2),INT(P57/390)) -> 46042 | Z57: {=_xlfn.XLOOKUP(INT(X57),INT($AE$2:$AE$1000),$AG$2:$AG$1000,"")} -> 20.09 | AE57: =IF(ISNUMBER(AF57),DATE(YEAR(AF57),DAY(AF57),MONTH(AF57)),DATE(RIGHT(AF57,4),LEFT(AF57,2),MID(AF57,4,2))) -> 45947 | AF57: 10/17/2025 | AG57: 20.78
A58: 6 | B58: JPM | C58: BAC | D58: 47964 | E58: 304.83 | F58: 52.87 | G58: 304.86048 | H58: 52.864713 | I58: -4.1516297 | J58: 1.0490293 | K58: 0.03280517 | L58: -0.19841675 | M58: LONG | N58: 9 | O58: signal | P58: 47973 | Q58: 305.74 | R58: 52.885 | S58: 0.40576484 | T58: 0.026876454 | U58: 0.022775112 | V58: 0.0040980489 | W58: 0.018677063 | X58: =WORKDAY(DATE(2025,8,2),INT(D58/390)) -> 46042 | Y58: =WORKDAY(DATE(2025,8,2),INT(P58/390)) -> 46043 | Z58: {=_xlfn.XLOOKUP(INT(X58),INT($AE$2:$AE$1000),$AG$2:$AG$1000,"")} -> 20.09 | AE58: =IF(ISNUMBER(AF58),DATE(YEAR(AF58),DAY(AF58),MONTH(AF58)),DATE(RIGHT(AF58,4),LEFT(AF58,2),MID(AF58,4,2))) -> 45950 | AF58: 10/20/2025 | AG58: 18.23
A59: 6 | B59: JPM | C59: BAC | D59: 48224 | E59: 303.74 | F59: 52.99 | G59: 303.77037 | H59: 52.984701 | I59: -3.5960148 | J59: 1.0490293 | K59: 0.032922895 | L59: -0.19796742 | M59: LONG | N59: 19 | O59: signal | P59: 48243 | Q59: 303.51 | R59: 52.92 | S59: 0.029467072 | T59: 0.0062854535 | U59: 0.0021895378 | V59: 0.0040980489 | W59: -0.0019085111 | X59: =WORKDAY(DATE(2025,8,2),INT(D59/390)) -> 46043 | Y59: =WORKDAY(DATE(2025,8,2),INT(P59/390)) -> 46043 | Z59: {=_xlfn.XLOOKUP(INT(X59),INT($AE$2:$AE$1000),$AG$2:$AG$1000,"")} -> 16.9 | AE59: =IF(ISNUMBER(AF59),DATE(YEAR(AF59),DAY(AF59),MONTH(AF59)),DATE(RIGHT(AF59,4),LEFT(AF59,2),MID(AF59,4,2))) -> 45951 | AF59: 10/21/2025 | AG59: 17.87
A60: 6 | B60: JPM | C60: BAC | D60: 48834 | E60: 312.99 | F60: 54.57 | G60: 312.9587 | H60: 54.575457 | I60: 3.5632041 | J60: 1.0490293 | K60: -0.031949903 | L60: 0.19223554 | M60: SHORT | N60: 1 | O60: signal | P60: 48835 | Q60: 311.17 | R60: 54.49 | S60: 0.029694549 | T60: 0.042769979 | U60: 0.038679273 | V60: 0.0040980685 | W60: 0.034581205 | X60: =WORKDAY(DATE(2025,8,2),INT(D60/390)) -> 46045 | Y60: =WORKDAY(DATE(2025,8,2),INT(P60/390)) -> 46045 | Z60: {=_xlfn.XLOOKUP(INT(X60),INT($AE$2:$AE$1000),$AG$2:$AG$1000,"")} -> 16.09 | AE60: =IF(ISNUMBER(AF60),DATE(YEAR(AF60),DAY(AF60),MONTH(AF60)),DATE(RIGHT(AF60,4),LEFT(AF60,2),MID(AF60,4,2))) -> 45952 | AF60: 10/22/2025 | AG60: 18.6
A61: 6 | B61: JPM | C61: BAC | D61: 49223 | E61: 316.18 | F61: 55.055 | G61: 316.21162 | H61: 55.049495 | I61: -4.859089 | J61: 1.0490293 | K61: 0.031627554 | L61: -0.19054207 | M61: LONG | N61: 31 | O61: signal | P61: 49254 | Q61: 315.45 | R61: 55.23 | S61: -0.18965137 | T61: -0.056432976 | U61: -0.06053206 | V61: 0.0040980489 | W61: -0.064630109 | X61: =WORKDAY(DATE(2025,8,2),INT(D61/390)) -> 46048 | Y61: =WORKDAY(DATE(2025,8,2),INT(P61/390)) -> 46048 | Z61: {=_xlfn.XLOOKUP(INT(X61),INT($AE$2:$AE$1000),$AG$2:$AG$1000,"")} -> 16.15 | AE61: =IF(ISNUMBER(AF61),DATE(YEAR(AF61),DAY(AF61),MONTH(AF61)),DATE(RIGHT(AF61,4),LEFT(AF61,2),MID(AF61,4,2))) -> 45953 | AF61: 10/23/2025 | AG61: 17.3
A62: 6 | B62: JPM | C62: BAC | D62: 49616 | E62: 311.875 | F62: 54.77 | G62: 311.90619 | H62: 54.764523 | I62: -3.8976025 | J62: 1.0490293 | K62: 0.032064128 | L62: -0.19153357 | M62: LONG | N62: 2 | O62: signal | P62: 49618 | Q62: 311.15 | R62: 54.445 | S62: -0.18436969 | T62: 0.039001916 | U62: 0.034912407 | V62: 0.0040980489 | W62: 0.030814358 | X62: =WORKDAY(DATE(2025,8,2),INT(D62/390)) -> 46049 | Y62: =WORKDAY(DATE(2025,8,2),INT(P62/390)) -> 46049 | Z62: {=_xlfn.XLOOKUP(INT(X62),INT($AE$2:$AE$1000),$AG$2:$AG$1000,"")} -> 16.35 | AE62: =IF(ISNUMBER(AF62),DATE(YEAR(AF62),DAY(AF62),MONTH(AF62)),DATE(RIGHT(AF62,4),LEFT(AF62,2),MID(AF62,4,2))) -> 45954 | AF62: 10/24/2025 | AG62: 16.37
A63: 6 | B63: JPM | C63: BAC | D63: 50004 | E63: 316.03 | F63: 55.7 | G63: 315.9984 | H63: 55.70557 | I63: 3.6230947 | J63: 1.0490293 | K63: -0.031642566 | L63: 0.18833561 | M63: SHORT | N63: 27 | O63: signal | P63: 50031 | Q63: 321.46 | R63: 56.15 | S63: 0.17975244 | T63: -0.087068107 | U63: -0.091191822 | V63: 0.0040980685 | W63: -0.095289891 | X63: =WORKDAY(DATE(2025,8,2),INT(D63/390)) -> 46050 | Y63: =WORKDAY(DATE(2025,8,2),INT(P63/390)) -> 46050 | Z63: {=_xlfn.XLOOKUP(INT(X63),INT($AE$2:$AE$1000),$AG$2:$AG$1000,"")} -> 16.35 | AE63: =IF(ISNUMBER(AF63),DATE(YEAR(AF63),DAY(AF63),MONTH(AF63)),DATE(RIGHT(AF63,4),LEFT(AF63,2),MID(AF63,4,2))) -> 45957 | AF63: 10/27/2025 | AG63: 15.79
A64: 6 | B64: JPM | C64: BAC | D64: 50394 | E64: 320.89 | F64: 56.535 | G64: 320.92209 | H64: 56.529347 | I64: -4.3146824 | J64: 1.0490293 | K64: 0.031163327 | L64: -0.18555397 | M64: LONG | N64: 1 | O64: signal | P64: 50395 | Q64: 320.895 | R64: 56.34 | S64: -0.46827257 | T64: 0.03633884 | U64: 0.032244384 | V64: 0.0040980489 | W64: 0.028146335 | X64: =WORKDAY(DATE(2025,8,2),INT(D64/390)) -> 46051 | Y64: =WORKDAY(DATE(2025,8,2),INT(P64/390)) -> 46051 | Z64: {=_xlfn.XLOOKUP(INT(X64),INT($AE$2:$AE$1000),$AG$2:$AG$1000,"")} -> 16.88 | AE64: =IF(ISNUMBER(AF64),DATE(YEAR(AF64),DAY(AF64),MONTH(AF64)),DATE(RIGHT(AF64,4),LEFT(AF64,2),MID(AF64,4,2))) -> 45958 | AF64: 10/28/2025 | AG64: 16.42
... A67: 7 | B67: JPM | C67: BAC | D67: 51301 | E67: 315.82 | F67: 54.64 | G67: 315.78842 | H67: 54.645464 | I67: 5.2898092 | J67: 1.010147 | K67: -0.031663606 | L67: 0.18487317 | M67: SHORT | N67: 23 | O67: signal | P67: 51324 | Q67: 314.75 | R67: 54.505 | S67: 0.48829575 | T67: 0.0089221808 | U67: 0.0049077706 | V67: 0.004020296 | W67: 0.00088747459 | X67: =WORKDAY(DATE(2025,8,2),INT(D67/390)) -> 46055 | Y67: =WORKDAY(DATE(2025,8,2),INT(P67/390)) -> 46055 | Z67: {=_xlfn.XLOOKUP(INT(X67),INT($AE$2:$AE$1000),$AG$2:$AG$1000,"")} -> 16.34 | AE67: =IF(ISNUMBER(AF67),DATE(YEAR(AF67),DAY(AF67),MONTH(AF67)),DATE(RIGHT(AF67,4),LEFT(AF67,2),MID(AF67,4,2))) -> 45961 | AF67: 10/31/2025 | AG67: 17.44
A68: 7 | B68: JPM | C68: BAC | D68: 51565 | E68: 310.43 | F68: 53.52 | G68: 310.39896 | H68: 53.525352 | I68: 4.0755687 | J68: 1.010147 | K68: -0.032213381 | L68: 0.18874196 | M68: SHORT | N68: 14 | O68: signal | P68: 51579 | Q68: 310.47 | R68: 53.62 | S68: 0.077876738 | T68: 0.017585661 | U68: 0.013563351 | V68: 0.004020296 | W68: 0.0095430548 | X68: =WORKDAY(DATE(2025,8,2),INT(D68/390)) -> 46056 | Y68: =WORKDAY(DATE(2025,8,2),INT(P68/390)) -> 46056 | Z68: {=_xlfn.XLOOKUP(INT(X68),INT($AE$2:$AE$1000),$AG$2:$AG$1000,"")} -> 18 | AE68: =IF(ISNUMBER(AF68),DATE(YEAR(AF68),DAY(AF68),MONTH(AF68)),DATE(RIGHT(AF68,4),LEFT(AF68,2),MID(AF68,4,2))) -> 45964 | AF68: 45727 | AG68: 17.17
A69: 7 | B69: JPM | C69: BAC | D69: 52344 | E69: 304.59 | F69: 53.24 | G69: 304.62046 | H69: 53.234676 | I69: -4.9584327 | J69: 1.010147 | K69: 0.032831019 | L69: -0.18973459 | M69: LONG | N69: 12 | O69: signal | P69: 52356 | Q69: 306.605 | R69: 53.275 | S69: -0.14343059 | T69: 0.059513792 | U69: 0.055486218 | V69: 0.0040202919 | W69: 0.051465927 | X69: =WORKDAY(DATE(2025,8,2),INT(D69/390)) -> 46058 | Y69: =WORKDAY(DATE(2025,8,2),INT(P69/390)) -> 46058 | Z69: {=_xlfn.XLOOKUP(INT(X69),INT($AE$2:$AE$1000),$AG$2:$AG$1000,"")} -> 21.77 | AE69: =IF(ISNUMBER(AF69),DATE(YEAR(AF69),DAY(AF69),MONTH(AF69)),DATE(RIGHT(AF69,4),LEFT(AF69,2),MID(AF69,4,2))) -> 45965 | AF69: 45758 | AG69: 19
A70: 7 | B70: JPM | C70: BAC | D70: 53127 | E70: 306.26 | F70: 52.18 | G70: 306.22937 | H70: 52.185218 | I70: 4.6566311 | J70: 1.010147 | K70: -0.032651995 | L70: 0.19358892 | M70: SHORT | N70: 18 | O70: signal | P70: 53145 | Q70: 306.845 | R70: 52.46 | S70: 0.36883765 | T70: 0.03510348 | U70: 0.031075856 | V70: 0.004020296 | W70: 0.02705556 | X70: =WORKDAY(DATE(2025,8,2),INT(D70/390)) -> 46062 | Y70: =WORKDAY(DATE(2025,8,2),INT(P70/390)) -> 46062 | Z70: {=_xlfn.XLOOKUP(INT(X70),INT($AE$2:$AE$1000),$AG$2:$AG$1000,"")} -> 17.36 | AE70: =IF(ISNUMBER(AF70),DATE(YEAR(AF70),DAY(AF70),MONTH(AF70)),DATE(RIGHT(AF70,4),LEFT(AF70,2),MID(AF70,4,2))) -> 45966 | AF70: 45788 | AG70: 18.01
A71: 7 | B71: JPM | C71: BAC | D71: 53372 | E71: 305.2 | F71: 52.24 | G71: 305.23052 | H71: 52.234776 | I71: -3.7749882 | J71: 1.010147 | K71: 0.0327654 | L71: -0.19336657 | M71: LONG | N71: 11 | O71: signal | P71: 53383 | Q71: 306.63 | R71: 52.415 | S71: -0.25681307 | T71: 0.013015371 | U71: 0.0089870078 | V71: 0.0040202919 | W71: 0.0049667159 | X71: =WORKDAY(DATE(2025,8,2),INT(D71/390)) -> 46062 | Y71: =WORKDAY(DATE(2025,8,2),INT(P71/390)) -> 46062 | Z71: {=_xlfn.XLOOKUP(INT(X71),INT($AE$2:$AE$1000),$AG$2:$AG$1000,"")} -> 17.36 | AE71: =IF(ISNUMBER(AF71),DATE(YEAR(AF71),DAY(AF71),MONTH(AF71)),DATE(RIGHT(AF71,4),LEFT(AF71,2),MID(AF71,4,2))) -> 45967 | AF71: 45819 | AG71: 19.5
A72: 7 | B72: JPM | C72: BAC | D72: 53517 | E72: 307.62 | F72: 52.44 | G72: 307.58924 | H72: 52.445244 | I72: 4.0646379 | J72: 1.010147 | K72: -0.032507639 | L72: 0.1926291 | M72: SHORT | N72: 18 | O72: signal | P72: 53535 | Q72: 305.99 | R72: 52.08 | S72: 0.27083471 | T72: -0.016359023 | U72: -0.020367083 | V72: 0.004020296 | W72: -0.024387379 | X72: =WORKDAY(DATE(2025,8,2),INT(D72/390)) -> 46063 | Y72: =WORKDAY(DATE(2025,8,2),INT(P72/390)) -> 46063 | Z72: {=_xlfn.XLOOKUP(INT(X72),INT($AE$2:$AE$1000),$AG$2:$AG$1000,"")} -> 17.79 | AE72: =IF(ISNUMBER(AF72),DATE(YEAR(AF72),DAY(AF72),MONTH(AF72)),DATE(RIGHT(AF72,4),LEFT(AF72,2),MID(AF72,4,2))) -> 45968 | AF72: 45849 | AG72: 19.08
A73: 7 | B73: JPM | C73: BAC | D73: 53762 | E73: 309.985 | F73: 52.665 | G73: 309.954 | H73: 52.670266 | I73: 4.2167222 | J73: 1.010147 | K73: -0.032259625 | L73: 0.19180613 | M73: SHORT | N73: 29 | O73: signal | P73: 53791 | Q73: 310.69 | R73: 52.98 | S73: -0.45026262 | T73: 0.037675895 | U73: 0.033647285 | V73: 0.004020296 | W73: 0.029626989 | X73: =WORKDAY(DATE(2025,8,2),INT(D73/390)) -> 46063 | Y73: =WORKDAY(DATE(2025,8,2),INT(P73/390)) -> 46063 | Z73: {=_xlfn.XLOOKUP(INT(X73),INT($AE$2:$AE$1000),$AG$2:$AG$1000,"")} -> 17.79 | AE73: =IF(ISNUMBER(AF73),DATE(YEAR(AF73),DAY(AF73),MONTH(AF73)),DATE(RIGHT(AF73,4),LEFT(AF73,2),MID(AF73,4,2))) -> 45971 | AF73: 45941 | AG73: 17.6
A74: 7 | B74: JPM | C74: BAC | D74: 53907 | E74: 309.82 | F74: 53.09 | G74: 309.85098 | H74: 53.084691 | I74: -4.387853 | J74: 1.010147 | K74: 0.032276806 | L74: -0.19027067 | M74: LONG | N74: 22 | O74: signal | P74: 53929 | Q74: 306.24 | R74: 52.59 | S74: -0.28515227 | T74: -0.02041563 | U74: -0.024414856 | V74: 0.0040202919 | W74: -0.028435148 | X74: =WORKDAY(DATE(2025,8,2),INT(D74/390)) -> 46064 | Y74: =WORKDAY(DATE(2025,8,2),INT(P74/390)) -> 46064 | Z74: {=_xlfn.XLOOKUP(INT(X74),INT($AE$2:$AE$1000),$AG$2:$AG$1000,"")} -> 17.65 | AE74: =IF(ISNUMBER(AF74),DATE(YEAR(AF74),DAY(AF74),MONTH(AF74)),DATE(RIGHT(AF74,4),LEFT(AF74,2),MID(AF74,4,2))) -> 45972 | AF74: 45972 | AG74: 17.28
A75: 7 | B75: JPM | C75: BAC | D75: 54298 | E75: 294.07 | F75: 50.25 | G75: 294.04059 | H75: 50.255025 | I75: 3.6402654 | J75: 1.010147 | K75: -0.034005509 | L75: 0.20102428 | M75: SHORT | N75: 26 | O75: signal | P75: 54324 | Q75: 292.95 | R75: 49.75 | S75: 0.32317564 | T75: -0.062425968 | U75: -0.066432402 | V75: 0.004020296 | W75: -0.070452698 | X75: =WORKDAY(DATE(2025,8,2),INT(D75/390)) -> 46065 | Y75: =WORKDAY(DATE(2025,8,2),INT(P75/390)) -> 46065 | Z75: {=_xlfn.XLOOKUP(INT(X75),INT($AE$2:$AE$1000),$AG$2:$AG$1000,"")} -> 20.82 | AE75: =IF(ISNUMBER(AF75),DATE(YEAR(AF75),DAY(AF75),MONTH(AF75)),DATE(RIGHT(AF75,4),LEFT(AF75,2),MID(AF75,4,2))) -> 45973 | AF75: 46002 | AG75: 17.51
A76: 8 | B76: JPM | C76: BAC | D76: 55201 | E76: 306.26 | F76: 52.135 | G76: 306.22937 | H76: 52.140213 | I76: 5.2893752 | J76: 0.96877792 | K76: -0.032651995 | L76: 0.18582103 | M76: SHORT | N76: 23 | O76: signal | P76: 55224 | Q76: 305.15 | R76: 51.925 | S76: 0.49429643 | T76: -0.0027787011 | U76: -0.0067087304 | V76: 0.0039375496 | W76: -0.01064628 | X76: =WORKDAY(DATE(2025,8,2),INT(D76/390)) -> 46069 | Y76: =WORKDAY(DATE(2025,8,2),INT(P76/390)) -> 46069 | Z76: {=_xlfn.XLOOKUP(INT(X76),INT($AE$2:$AE$1000),$AG$2:$AG$1000,"")} -> 21.2 | AE76: =IF(ISNUMBER(AF76),DATE(YEAR(AF76),DAY(AF76),MONTH(AF76)),DATE(RIGHT(AF76,4),LEFT(AF76,2),MID(AF76,4,2))) -> 45974 | AF76: 11/13/2025 | AG76: 20
A77: 8 | B77: JPM | C77: BAC | D77: 55468 | E77: 302.835 | F77: 51.37 | G77: 302.80472 | H77: 51.375137 | I77: 3.9343979 | J77: 0.96877792 | K77: -0.033021282 | L77: 0.18858827 | M77: SHORT | N77: 35 | O77: signal | P77: 55503 | Q77: 297.54 | R77: 50.25 | S77: 0.05749174 | T77: -0.036371169 | U77: -0.040270118 | V77: 0.0039375496 | W77: -0.044207668 | X77: =WORKDAY(DATE(2025,8,2),INT(D77/390)) -> 46070 | Y77: =WORKDAY(DATE(2025,8,2),INT(P77/390)) -> 46070 | Z77: {=_xlfn.XLOOKUP(INT(X77),INT($AE$2:$AE$1000),$AG$2:$AG$1000,"")} -> 20.29 | AE77: =IF(ISNUMBER(AF77),DATE(YEAR(AF77),DAY(AF77),MONTH(AF77)),DATE(RIGHT(AF77,4),LEFT(AF77,2),MID(AF77,4,2))) -> 45975 | AF77: 11/14/2025 | AG77: 19.83
A78: 8 | B78: JPM | C78: BAC | D78: 56249 | E78: 297.51 | F78: 48.74 | G78: 297.48025 | H78: 48.744874 | I78: 5.2490396 | J78: 0.96877792 | K78: -0.033612316 | L78: 0.19876445 | M78: SHORT | N78: 1 | O78: signal | P78: 56250 | Q78: 290.94 | R78: 48.62 | S78: 0.024799705 | T78: 0.19698118 | U78: 0.19306809 | V78: 0.0039375496 | W78: 0.18913054 | X78: =WORKDAY(DATE(2025,8,2),INT(D78/390)) -> 46072 | Y78: =WORKDAY(DATE(2025,8,2),INT(P78/390)) -> 46072 | Z78: {=_xlfn.XLOOKUP(INT(X78),INT($AE$2:$AE$1000),$AG$2:$AG$1000,"")} -> 20.23 | AE78: =IF(ISNUMBER(AF78),DATE(YEAR(AF78),DAY(AF78),MONTH(AF78)),DATE(RIGHT(AF78,4),LEFT(AF78,2),MID(AF78,4,2))) -> 45978 | AF78: 11/17/2025 | AG78: 22.38
A79: 8 | B79: JPM | C79: BAC | D79: 56633 | E79: 300.68 | F79: 49.88 | G79: 300.64993 | H79: 49.884988 | I79: 3.5957734 | J79: 0.96877792 | K79: -0.033257949 | L79: 0.19422172 | M79: SHORT | N79: 14 | O79: signal | P79: 56647 | Q79: 299.52 | R79: 49.82 | S79: 0.37164098 | T79: 0.026925917 | U79: 0.022993385 | V79: 0.0039375496 | W79: 0.019055835 | X79: =WORKDAY(DATE(2025,8,2),INT(D79/390)) -> 46073 | Y79: =WORKDAY(DATE(2025,8,2),INT(P79/390)) -> 46073 | Z79: {=_xlfn.XLOOKUP(INT(X79),INT($AE$2:$AE$1000),$AG$2:$AG$1000,"")} -> 19.09 | AE79: =IF(ISNUMBER(AF79),DATE(YEAR(AF79),DAY(AF79),MONTH(AF79)),DATE(RIGHT(AF79,4),LEFT(AF79,2),MID(AF79,4,2))) -> 45979 | AF79: 11/18/2025 | AG79: 24.69
A80: 8 | B80: JPM | C80: BAC | D80: 57037 | E80: 298.98 | F80: 50.105 | G80: 298.9501 | H80: 50.11001 | I80: 4.0336134 | J80: 0.96877792 | K80: -0.033447053 | L80: 0.19334955 | M80: SHORT | N80: 12 | O80: signal | P80: 57049 | Q80: 299.43 | R80: 50.2 | S80: 0.18966687 | T80: 0.0033170333 | U80: -0.00062386447 | V80: 0.0039375496 | W80: -0.0045614141 | X80: =WORKDAY(DATE(2025,8,2),INT(D80/390)) -> 46076 | Y80: =WORKDAY(DATE(2025,8,2),INT(P80/390)) -> 46076 | Z80: {=_xlfn.XLOOKUP(INT(X80),INT($AE$2:$AE$1000),$AG$2:$AG$1000,"")} -> 21.01 | AE80: =IF(ISNUMBER(AF80),DATE(YEAR(AF80),DAY(AF80),MONTH(AF80)),DATE(RIGHT(AF80,4),LEFT(AF80,2),MID(AF80,4,2))) -> 45980 | AF80: 11/19/2025 | AG80: 23.66
A81: 8 | B81: JPM | C81: BAC | D81: 57426 | E81: 293.46 | F81: 48.3 | G81: 293.43065 | H81: 48.30483 | I81: 5.2507635 | J81: 0.96877792 | K81: -0.034076194 | L81: 0.20057514 | M81: SHORT | N81: 2 | O81: signal | P81: 57428 | Q81: 284.45 | R81: 48.3 | S81: -0.43248275 | T81: 0.30702651 | U81: 0.30311966 | V81: 0.0039375496 | W81: 0.29918211 | X81: =WORKDAY(DATE(2025,8,2),INT(D81/390)) -> 46077 | Y81: =WORKDAY(DATE(2025,8,2),INT(P81/390)) -> 46077 | Z81: {=_xlfn.XLOOKUP(INT(X81),INT($AE$2:$AE$1000),$AG$2:$AG$1000,"")} -> 19.55 | AE81: =IF(ISNUMBER(AF81),DATE(YEAR(AF81),DAY(AF81),MONTH(AF81)),DATE(RIGHT(AF81,4),LEFT(AF81,2),MID(AF81,4,2))) -> 45981 | AF81: 11/20/2025 | AG81: 26.42
A82: 8 | B82: JPM | C82: BAC | D82: 57818 | E82: 286.095 | F82: 47.64 | G82: 286.06639 | H82: 47.644764 | I82: 4.8158247 | J82: 0.96877792 | K82: -0.034953425 | L82: 0.20335389 | M82: SHORT | N82: 13 | O82: signal | P82: 57831 | Q82: 284.53 | R82: 47.525 | S82: 0.3567766 | T82: 0.031316412 | U82: 0.027386665 | V82: 0.0039375496 | W82: 0.023449116 | X82: =WORKDAY(DATE(2025,8,2),INT(D82/390)) -> 46078 | Y82: =WORKDAY(DATE(2025,8,2),INT(P82/390)) -> 46078 | Z82: {=_xlfn.XLOOKUP(INT(X82),INT($AE$2:$AE$1000),$AG$2:$AG$1000,"")} -> 17.93 | AE82: =IF(ISNUMBER(AF82),DATE(YEAR(AF82),DAY(AF82),MONTH(AF82)),DATE(RIGHT(AF82,4),LEFT(AF82,2),MID(AF82,4,2))) -> 45982 | AF82: 11/21/2025 | AG82: 23.43
A83: 8 | B83: JPM | C83: BAC | D83: 58208 | E83: 290.255 | F83: 48.28 | G83: 290.28403 | H83: 48.275172 | I83: -4.345525 | J83: 0.96877792 | K83: 0.034452464 | L83: -0.20065823 | M83: LONG | N83: 14 | O83: signal | P83: 58222 | Q83: 289.8 | R83: 48.05 | S83: -0.45764643 | T83: 0.030475521 | U83: 0.026544148 | V83: 0.0039375621 | W83: 0.022606586 | X83: =WORKDAY(DATE(2025,8,2),INT(D83/390)) -> 46079 | Y83: =WORKDAY(DATE(2025,8,2),INT(P83/390)) -> 46079 | Z83: {=_xlfn.XLOOKUP(INT(X83),INT($AE$2:$AE$1000),$AG$2:$AG$1000,"")} -> 18.63 | AE83: =IF(ISNUMBER(AF83),DATE(YEAR(AF83),DAY(AF83),MONTH(AF83)),DATE(RIGHT(AF83,4),LEFT(AF83,2),MID(AF83,4,2))) -> 45985 | AF83: 11/24/2025 | AG83: 20.52
A84: 8 | B84: JPM | C84: BAC | D84: 58467 | E84: 291.815 | F84: 49.12 | G84: 291.84418 | H84: 49.115088 | I84: -3.7275362 | J84: 0.96877792 | K84: 0.034268286 | L84: -0.19722678 | M84: LONG | N84: 23 | O84: signal | P84: 58490 | Q84: 291.93 | R84: 49.035 | S84: -0.2378893 | T84: 0.020705129 | U84: 0.016768855 | V84: 0.0039375621 | W84: 0.012831293 | X84: =WORKDAY(DATE(2025,8,2),INT(D84/390)) -> 46079 | Y84: =WORKDAY(DATE(2025,8,2),INT(P84/390)) -> 46079 | Z84: {=_xlfn.XLOOKUP(INT(X84),INT($AE$2:$AE$1000),$AG$2:$AG$1000,"")} -> 18.63 | AE84: =IF(ISNUMBER(AF84),DATE(YEAR(AF84),DAY(AF84),MONTH(AF84)),DATE(RIGHT(AF84,4),LEFT(AF84,2),MID(AF84,4,2))) -> 45986 | AF84: 11/25/2025 | AG84: 18.56
A85: 8 | B85: JPM | C85: BAC | D85: 58598 | E85: 289.2 | F85: 48.39 | G85: 289.17108 | H85: 48.394839 | I85: 3.9891903 | J85: 0.96877792 | K85: -0.034578147 | L85: 0.20020209 | M85: SHORT | N85: 9 | O85: signal | P85: 58607 | Q85: 288.79 | R85: 48.505 | S85: -0.0091354239 | T85: 0.037200281 | U85: 0.03326184 | V85: 0.0039375496 | W85: 0.029324291 | X85: =WORKDAY(DATE(2025,8,2),INT(D85/390)) -> 46080 | Y85: =WORKDAY(DATE(2025,8,2),INT(P85/390)) -> 46080 | Z85: {=_xlfn.XLOOKUP(INT(X85),INT($AE$2:$AE$1000),$AG$2:$AG$1000,"")} -> 19.86 | AE85: =IF(ISNUMBER(AF85),DATE(YEAR(AF85),DAY(AF85),MONTH(AF85)),DATE(RIGHT(AF85,4),LEFT(AF85,2),MID(AF85,4,2))) -> 45987 | AF85: 11/26/2025 | AG85: 17.19
A86: 8 | B86: JPM | C86: BAC | D86: 58990 | E86: 282.65 | F86: 47.515 | G86: 282.62174 | H86: 47.519751 | I86: 3.5310655 | J86: 0.96877792 | K86: -0.035379445 | L86: 0.20388886 | M86: SHORT | N86: 13 | O86: signal | P86: 59003 | Q86: 281.19 | R86: 47.345 | S86: 0.24275072 | T86: 0.016992883 | U86: 0.013063958 | V86: 0.0039375496 | W86: 0.0091264087 | X86: =WORKDAY(DATE(2025,8,2),INT(D86/390)) -> 46083 | Y86: =WORKDAY(DATE(2025,8,2),INT(P86/390)) -> 46083 | Z86: {=_xlfn.XLOOKUP(INT(X86),INT($AE$2:$AE$1000),$AG$2:$AG$1000,"")} -> 21.44 | AE86: =IF(ISNUMBER(AF86),DATE(YEAR(AF86),DAY(AF86),MONTH(AF86)),DATE(RIGHT(AF86,4),LEFT(AF86,2),MID(AF86,4,2))) -> 45988 | AF86: 11/27/2025 | AG86: 17.21
A87: 9 | B87: JPM | C87: BAC | D87: 59101 | E87: 280.23 | F87: 47.05 | G87: 280.20198 | H87: 47.054705 | I87: 5.2944452 | J87: 0.81444705 | K87: -0.035684973 | L87: 0.17310245 | M87: SHORT | N87: 23 | O87: signal | P87: 59124 | Q87: 281.765 | R87: 47.29 | S87: 0.49406679 | T87: -0.013231844 | U87: -0.016870371 | V87: 0.003628857 | W87: -0.020499228 | X87: =WORKDAY(DATE(2025,8,2),INT(D87/390)) -> 46083 | Y87: =WORKDAY(DATE(2025,8,2),INT(P87/390)) -> 46083 | Z87: {=_xlfn.XLOOKUP(INT(X87),INT($AE$2:$AE$1000),$AG$2:$AG$1000,"")} -> 21.44 | AE87: =IF(ISNUMBER(AF87),DATE(YEAR(AF87),DAY(AF87),MONTH(AF87)),DATE(RIGHT(AF87,4),LEFT(AF87,2),MID(AF87,4,2))) -> 45989 | AF87: 11/28/2025 | AG87: 16.35
A88: 9 | B88: JPM | C88: BAC | D88: 60161 | E88: 289.625 | F88: 47.65 | G88: 289.59604 | H88: 47.654765 | I88: 3.6825555 | J88: 0.81444705 | K88: -0.034527406 | L88: 0.17092278 | M88: SHORT | N88: 6 | O88: signal | P88: 60167 | Q88: 291 | R88: 48.02 | S88: 0.39314071 | T88: 0.015766245 | U88: 0.01212628 | V88: 0.003628857 | W88: 0.0084974227 | X88: =WORKDAY(DATE(2025,8,2),INT(D88/390)) -> 46086 | Y88: =WORKDAY(DATE(2025,8,2),INT(P88/390)) -> 46086 | Z88: {=_xlfn.XLOOKUP(INT(X88),INT($AE$2:$AE$1000),$AG$2:$AG$1000,"")} -> 23.75 | AE88: =IF(ISNUMBER(AF88),DATE(YEAR(AF88),DAY(AF88),MONTH(AF88)),DATE(RIGHT(AF88,4),LEFT(AF88,2),MID(AF88,4,2))) -> 45992 | AF88: 45669 | AG88: 17.24
A89: 9 | B89: JPM | C89: BAC | D89: 60506 | E89: 286.86 | F89: 47.475 | G89: 286.88869 | H89: 47.470253 | I89: -4.4312396 | J89: 0.81444705 | K89: 0.034860211 | L89: -0.17155283 | M89: LONG | N89: 13 | O89: signal | P89: 60519 | Q89: 286.845 | R89: 47.425 | S89: -0.23845242 | T89: 0.0080547382 | U89: 0.0044267542 | V89: 0.0036289312 | W89: 0.00079782298 | X89: =WORKDAY(DATE(2025,8,2),INT(D89/390)) -> 46087 | Y89: =WORKDAY(DATE(2025,8,2),INT(P89/390)) -> 46087 | Z89: {=_xlfn.XLOOKUP(INT(X89),INT($AE$2:$AE$1000),$AG$2:$AG$1000,"")} -> 29.49 | AE89: =IF(ISNUMBER(AF89),DATE(YEAR(AF89),DAY(AF89),MONTH(AF89)),DATE(RIGHT(AF89,4),LEFT(AF89,2),MID(AF89,4,2))) -> 45993 | AF89: 45700 | AG89: 16.59
A90: 9 | B90: JPM | C90: BAC | D90: 60554 | E90: 285.525 | F90: 47.375 | G90: 285.55355 | H90: 47.370263 | I90: -3.7668691 | J90: 0.81444705 | K90: 0.035023203 | L90: -0.17191494 | M90: LONG | N90: 12 | O90: signal | P90: 60566 | Q90: 286.9 | R90: 47.5 | S90: -0.36593962 | T90: 0.026667536 | U90: 0.023031677 | V90: 0.0036289312 | W90: 0.019402746 | X90: =WORKDAY(DATE(2025,8,2),INT(D90/390)) -> 46087 | Y90: =WORKDAY(DATE(2025,8,2),INT(P90/390)) -> 46087 | Z90: {=_xlfn.XLOOKUP(INT(X90),INT($AE$2:$AE$1000),$AG$2:$AG$1000,"")} -> 29.49 | AE90: =IF(ISNUMBER(AF90),DATE(YEAR(AF90),DAY(AF90),MONTH(AF90)),DATE(RIGHT(AF90,4),LEFT(AF90,2),MID(AF90,4,2))) -> 45994 | AF90: 45728 | AG90: 16.08
A91: 9 | B91: JPM | C91: BAC | D91: 61331 | E91: 288.13 | F91: 47.3 | G91: 288.15881 | H91: 47.29527 | I91: -4.7969416 | J91: 0.81444705 | K91: 0.034706556 | L91: -0.17218754 | M91: LONG | N91: 27 | O91: signal | P91: 61358 | Q91: 288.005 | R91: 47.21 | S91: 0.0056809218 | T91: 0.011158559 | U91: 0.0075316482 | V91: 0.0036289312 | W91: 0.003902717 | X91: =WORKDAY(DATE(2025,8,2),INT(D91/390)) -> 46091 | Y91: =WORKDAY(DATE(2025,8,2),INT(P91/390)) -> 46091 | Z91: {=_xlfn.XLOOKUP(INT(X91),INT($AE$2:$AE$1000),$AG$2:$AG$1000,"")} -> 24.93 | AE91: =IF(ISNUMBER(AF91),DATE(YEAR(AF91),DAY(AF91),MONTH(AF91)),DATE(RIGHT(AF91,4),LEFT(AF91,2),MID(AF91,4,2))) -> 45995 | AF91: 45759 | AG91: 15.78
A92: 9 | B92: JPM | C92: BAC | D92: 61711 | E92: 285.695 | F92: 46.91 | G92: 285.72357 | H92: 46.905309 | I92: -3.7985191 | J92: 0.81444705 | K92: 0.035002363 | L92: -0.17361907 | M92: LONG | N92: 26 | O92: signal | P92: 61737 | Q92: 292.12 | R92: 47.97 | S92: 0.010318509 | T92: 0.040853968 | U92: 0.037184181 | V92: 0.0036289312 | W92: 0.03355525 | X92: =WORKDAY(DATE(2025,8,2),INT(D92/390)) -> 46092 | Y92: =WORKDAY(DATE(2025,8,2),INT(P92/390)) -> 46092 | Z92: {=_xlfn.XLOOKUP(INT(X92),INT($AE$2:$AE$1000),$AG$2:$AG$1000,"")} -> 24.23 | AE92: =IF(ISNUMBER(AF92),DATE(YEAR(AF92),DAY(AF92),MONTH(AF92)),DATE(RIGHT(AF92,4),LEFT(AF92,2),MID(AF92,4,2))) -> 45996 | AF92: 45789 | AG92: 15.41
A93: 9 | B93: JPM | C93: BAC | D93: 62112 | E93: 286.98 | F93: 47.35 | G93: 287.0087 | H93: 47.345265 | I93: -4.3256654 | J93: 0.81444705 | K93: 0.034845634 | L93: -0.17200571 | M93: LONG | N93: 18 | O93: signal | P93: 62130 | Q93: 288.71 | R93: 47.64 | S93: -0.34533234 | T93: 0.01040129 | U93: 0.0067613793 | V93: 0.0036289312 | W93: 0.0031324481 | X93: =WORKDAY(DATE(2025,8,2),INT(D93/390)) -> 46093 | Y93: =WORKDAY(DATE(2025,8,2),INT(P93/390)) -> 46093 | Z93: {=_xlfn.XLOOKUP(INT(X93),INT($AE$2:$AE$1000),$AG$2:$AG$1000,"")} -> 27.29 | AE93: =IF(ISNUMBER(AF93),DATE(YEAR(AF93),DAY(AF93),MONTH(AF93)),DATE(RIGHT(AF93,4),LEFT(AF93,2),MID(AF93,4,2))) -> 45999 | AF93: 45881 | AG93: 16.66
A94: 9 | B94: JPM | C94: BAC | D94: 62589 | E94: 295.59 | F94: 48.66 | G94: 295.56044 | H94: 48.664866 | I94: 3.5881352 | J94: 0.81444705 | K94: -0.033830644 | L94: 0.16737506 | M94: SHORT | N94: 8 | O94: signal | P94: 62597 | Q94: 294.86 | R94: 48.585 | S94: 0.082929969 | T94: 0.01214324 | U94: 0.0085180712 | V94: 0.003628857 | W94: 0.0048892142 | X94: =WORKDAY(DATE(2025,8,2),INT(D94/390)) -> 46094 | Y94: =WORKDAY(DATE(2025,8,2),INT(P94/390)) -> 46094 | Z94: {=_xlfn.XLOOKUP(INT(X94),INT($AE$2:$AE$1000),$AG$2:$AG$1000,"")} -> 27.19 | AE94: =IF(ISNUMBER(AF94),DATE(YEAR(AF94),DAY(AF94),MONTH(AF94)),DATE(RIGHT(AF94,4),LEFT(AF94,2),MID(AF94,4,2))) -> 46000 | AF94: 45912 | AG94: 16.93
A95: 9 | B95: JPM | C95: BAC | D95: 62894 | E95: 293.85 | F95: 48.805 | G95: 293.87939 | H95: 48.80012 | I95: -4.2488124 | J95: 0.81444705 | K95: 0.034030968 | L95: -0.16687779 | M95: LONG | N95: 13 | O95: signal | P95: 62907 | Q95: 294.78 | R95: 48.835 | S95: -0.49528239 | T95: 0.026642467 | U95: 0.023009907 | V95: 0.0036289312 | W95: 0.019380976 | X95: =WORKDAY(DATE(2025,8,2),INT(D95/390)) -> 46097 | Y95: =WORKDAY(DATE(2025,8,2),INT(P95/390)) -> 46097 | Z95: {=_xlfn.XLOOKUP(INT(X95),INT($AE$2:$AE$1000),$AG$2:$AG$1000,"")} -> 23.51 | AE95: =IF(ISNUMBER(AF95),DATE(YEAR(AF95),DAY(AF95),MONTH(AF95)),DATE(RIGHT(AF95,4),LEFT(AF95,2),MID(AF95,4,2))) -> 46001 | AF95: 45942 | AG95: 15.77
A96: 10 | B96: USB | C96: PNC | D96: 63001 | E96: 51.59 | F96: 204.84 | G96: 51.595159 | H96: 204.81952 | I96: -5.29465 | J96: 0.90418155 | K96: 0.19383601 | L96: -0.044140868 | M96: LONG | N96: 23 | O96: signal | P96: 63024 | Q96: 51.51 | R96: 205.02 | S96: -0.49208829 | T96: -0.023452238 | U96: -0.027259844 | V96: 0.0038083823 | W96: -0.031068227 | X96: =WORKDAY(DATE(2025,8,2),INT(D96/390)) -> 46097 | Y96: =WORKDAY(DATE(2025,8,2),INT(P96/390)) -> 46097 | Z96: {=_xlfn.XLOOKUP(INT(X96),INT($AE$2:$AE$1000),$AG$2:$AG$1000,"")} -> 23.51 | AE96: =IF(ISNUMBER(AF96),DATE(YEAR(AF96),DAY(AF96),MONTH(AF96)),DATE(RIGHT(AF96,4),LEFT(AF96,2),MID(AF96,4,2))) -> 46002 | AF96: 45973 | AG96: 14.85
A97: 10 | B97: USB | C97: PNC | D97: 63283 | E97: 51.28 | F97: 205.54 | G97: 51.285128 | H97: 205.51945 | I97: -3.8734634 | J97: 0.90418155 | K97: 0.1950078 | L97: -0.04399054 | M97: LONG | N97: 6 | O97: signal | P97: 63289 | Q97: 50.82 | R97: 203.11 | S97: -0.36084692 | T97: 0.017193423 | U97: 0.01340472 | V97: 0.0038083823 | W97: 0.0095963376 | X97: =WORKDAY(DATE(2025,8,2),INT(D97/390)) -> 46098 | Y97: =WORKDAY(DATE(2025,8,2),INT(P97/390)) -> 46098 | Z97: {=_xlfn.XLOOKUP(INT(X97),INT($AE$2:$AE$1000),$AG$2:$AG$1000,"")} -> 22.37 | AE97: =IF(ISNUMBER(AF97),DATE(YEAR(AF97),DAY(AF97),MONTH(AF97)),DATE(RIGHT(AF97,4),LEFT(AF97,2),MID(AF97,4,2))) -> 46003 | AF97: 46003 | AG97: 15.74
A98: 10 | B98: USB | C98: PNC | D98: 63459 | E98: 51.03 | F98: 203 | G98: 51.024897 | H98: 203.0203 | I98: 3.5523459 | J98: 0.90418155 | K98: -0.19596316 | L98: 0.044540963 | M98: SHORT | N98: 18 | O98: signal | P98: 63477 | Q98: 50.975 | R98: 203.17 | S98: 0.13381963 | T98: 0.018349937 | U98: 0.014541895 | V98: 0.0038083439 | W98: 0.010733551 | X98: =WORKDAY(DATE(2025,8,2),INT(D98/390)) -> 46098 | Y98: =WORKDAY(DATE(2025,8,2),INT(P98/390)) -> 46098 | Z98: {=_xlfn.XLOOKUP(INT(X98),INT($AE$2:$AE$1000),$AG$2:$AG$1000,"")} -> 22.37 | AE98: =IF(ISNUMBER(AF98),DATE(YEAR(AF98),DAY(AF98),MONTH(AF98)),DATE(RIGHT(AF98,4),LEFT(AF98,2),MID(AF98,4,2))) -> 46006 | AF98: 12/15/2025 | AG98: 16.5
A99: 10 | B99: USB | C99: PNC | D99: 63673 | E99: 51.13 | F99: 202.32 | G99: 51.124887 | H99: 202.34023 | I99: 4.0184543 | J99: 0.90418155 | K99: -0.19557989 | L99: 0.044690666 | M99: SHORT | N99: 5 | O99: signal | P99: 63678 | Q99: 51 | R99: 203.36 | S99: -0.12648133 | T99: 0.071903679 | U99: 0.06809321 | V99: 0.0038083439 | W99: 0.064284866 | X99: =WORKDAY(DATE(2025,8,2),INT(D99/390)) -> 46099 | Y99: =WORKDAY(DATE(2025,8,2),INT(P99/390)) -> 46099 | Z99: {=_xlfn.XLOOKUP(INT(X99),INT($AE$2:$AE$1000),$AG$2:$AG$1000,"")} -> 25.09 | AE99: =IF(ISNUMBER(AF99),DATE(YEAR(AF99),DAY(AF99),MONTH(AF99)),DATE(RIGHT(AF99,4),LEFT(AF99,2),MID(AF99,4,2))) -> 46007 | AF99: 12/16/2025 | AG99: 16.48
A100: 10 | B100: USB | C100: PNC | D100: 64254 | E100: 51.725 | F100: 205.765 | G100: 51.719828 | H100: 205.78558 | I100: 3.8820923 | J100: 0.90418155 | K100: -0.19333011 | L100: 0.043942437 | M100: SHORT | N100: 4 | O100: signal | P100: 64258 | Q100: 51.835 | R100: 206.93 | S100: 0.21192775 | T100: 0.029926627 | U100: 0.026111018 | V100: 0.0038083439 | W100: 0.022302674 | X100: =WORKDAY(DATE(2025,8,2),INT(D100/390)) -> 46100 | Y100: =WORKDAY(DATE(2025,8,2),INT(P100/390)) -> 46100 | Z100: {=_xlfn.XLOOKUP(INT(X100),INT($AE$2:$AE$1000),$AG$2:$AG$1000,"")} -> 24.06 | AE100: =IF(ISNUMBER(AF100),DATE(YEAR(AF100),DAY(AF100),MONTH(AF100)),DATE(RIGHT(AF100,4),LEFT(AF100,2),MID(AF100,4,2))) -> 46008 | AF100: 12/17/2025 | AG100: 17.62
A101: 10 | B101: USB | C101: PNC | D101: 64455 | E101: 52.83 | F101: 208.07 | G101: 52.824717 | H101: 208.09081 | I101: 5.1466096 | J101: 0.90418155 | K101: -0.18928639 | L101: 0.043455642 | M101: SHORT | N101: 13 | O101: signal | P101: 64468 | Q101: 52.45 | R101: 208.07 | S101: 0.33066042 | T101: 0.071928828 | U101: 0.068127658 | V101: 0.0038083439 | W101: 0.064319314 | X101: =WORKDAY(DATE(2025,8,2),INT(D101/390)) -> 46101 | Y101: =WORKDAY(DATE(2025,8,2),INT(P101/390)) -> 46101 | Z101: {=_xlfn.XLOOKUP(INT(X101),INT($AE$2:$AE$1000),$AG$2:$AG$1000,"")} -> 26.78 | AE101: =IF(ISNUMBER(AF101),DATE(YEAR(AF101),DAY(AF101),MONTH(AF101)),DATE(RIGHT(AF101,4),LEFT(AF101,2),MID(AF101,4,2))) -> 46009 | AF101: 12/18/2025 | AG101: 16.87
A102: 10 | B102: USB | C102: PNC | D102: 64722 | E102: 52.865 | F102: 210.84 | G102: 52.870286 | H102: 210.81892 | I102: -3.8590103 | J102: 0.90418155 | K102: 0.18916107 | L102: -0.042884725 | M102: LONG | N102: 4 | O102: signal | P102: 64726 | Q102: 52.88 | R102: 210.47 | S102: 0.054271451 | T102: 0.018704764 | U102: 0.014897704 | V102: 0.0038083823 | W102: 0.011089322 | X102: =WORKDAY(DATE(2025,8,2),INT(D102/390)) -> 46101 | Y102: =WORKDAY(DATE(2025,8,2),INT(P102/390)) -> 46101 | Z102: {=_xlfn.XLOOKUP(INT(X102),INT($AE$2:$AE$1000),$AG$2:$AG$1000,"")} -> 26.78 | AE102: =IF(ISNUMBER(AF102),DATE(YEAR(AF102),DAY(AF102),MONTH(AF102)),DATE(RIGHT(AF102,4),LEFT(AF102,2),MID(AF102,4,2))) -> 46010 | AF102: 12/19/2025 | AG102: 14.91
...

Sheet Analysis
L1: Exit timestamp | M1: Cumulative Gross PnL | N1: Cumulative Slipped PnL | O1: Cumulative Net PnL | Q1: min holding minutes | R1: max holding minutes | S1: Mean Net PnL | T1: Number of trades
B2: Rough Analysis of the baseline strategy | J2: Figures | L2: =Trades!P2 -> 24214 | M2: =Trades!T2 -> 0.024154984 | N2: =Trades!U2 -> 0.020822539 | O2: =Trades!W2 -> 0.017487745 | Q2: 0 | R2: 3 | S2: =AVERAGEIFS(Trades!W:W,Trades!N:N,">="&Q2,Trades!N:N,"<="&R2) -> 0.065848141 | T2: =COUNTIFS(Trades!N:N,">="&Q2,Trades!N:N,"<="&R2) -> 17
L3: =Trades!P3 -> 24606 | M3: =M2+Trades!T3 -> 0.067822224 | N3: =N2+Trades!U3 -> 0.061157159 | O3: =O2+Trades!W3 -> 0.054487572 | Q3: 4 | R3: 7 | S3: =AVERAGEIFS(Trades!W:W,Trades!N:N,">="&Q3,Trades!N:N,"<="&R3) -> 0.03239684 | T3: =COUNTIFS(Trades!N:N,">="&Q3,Trades!N:N,"<="&R3) -> 36
B4: Column1 | C4: Gross | D4: Slipped | E4: Net (Transaction costs) | L4: =Trades!P4 -> 24848 | M4: =M3+Trades!T4 -> 0.072054022 | N4: =N3+Trades!U4 -> 0.062055967 | O4: =O3+Trades!W4 -> 0.052051586 | Q4: 8 | R4: 11 | S4: =AVERAGEIFS(Trades!W:W,Trades!N:N,">="&Q4,Trades!N:N,"<="&R4) -> 0.024198474 | T4: =COUNTIFS(Trades!N:N,">="&Q4,Trades!N:N,"<="&R4) -> 23
B5: Overall PnL | C5: =SUM(Trades!T2:T9652) -> 3.493189 | D5: =SUM(Trades!U2:U9652) -> 2.8531148 | E5: =SUM(Trades!W2:W9652) -> 2.2131071 | L5: =Trades!P5 -> 24996 | M5: =M4+Trades!T5 -> 0.10989766 | N5: =N4+Trades!U5 -> 0.096564379 | O5: =O4+Trades!W5 -> 0.083225071 | Q5: 12 | R5: 15 | S5: =AVERAGEIFS(Trades!W:W,Trades!N:N,">="&Q5,Trades!N:N,"<="&R5) -> 0.019780891 | T5: =COUNTIFS(Trades!N:N,">="&Q5,Trades!N:N,"<="&R5) -> 23
B6: Mean PnL | C6: =AVERAGE(Trades!T:T) -> 0.020309239 | D6: =AVERAGE(Trades!U:U) -> 0.016587876 | E6: =AVERAGE(Trades!W:W) -> 0.012866902 | L6: =Trades!P6 -> 25392 | M6: =M5+Trades!T6 -> 0.14071719 | N6: =N5+Trades!U6 -> 0.12404061 | O6: =O5+Trades!W6 -> 0.10736638 | Q6: 16 | R6: 19 | S6: =AVERAGEIFS(Trades!W:W,Trades!N:N,">="&Q6,Trades!N:N,"<="&R6) -> -0.0038241363 | T6: =COUNTIFS(Trades!N:N,">="&Q6,Trades!N:N,"<="&R6) -> 17
B7: Median PnL | C7: =MEDIAN(Trades!T:T) -> 0.016668201 | D7: =MEDIAN(Trades!U:U) -> 0.013015848 | E7: =MEDIAN(Trades!W:W) -> 0.0092512432 | L7: =Trades!P7 -> 25731 | M7: =M6+Trades!T7 -> 0.12499991 | N7: =N6+Trades!U7 -> 0.10498528 | O7: =O6+Trades!W7 -> 0.084976254 | Q7: 20 | R7: 23 | S7: =AVERAGEIFS(Trades!W:W,Trades!N:N,">="&Q7,Trades!N:N,"<="&R7) -> -0.0080220137 | T7: =COUNTIFS(Trades!N:N,">="&Q7,Trades!N:N,"<="&R7) -> 26
B8: Max drawdown | C8: =MIN(Trades!T:T) -> -0.087068107 | D8: =MIN(Trades!U:U) -> -0.091191822 | E8: =MIN(Trades!W:W) -> -0.095289891 | L8: =Trades!P8 -> 25758 | M8: =M7+Trades!T8 -> 0.13581127 | N8: =N7+Trades!U8 -> 0.11246473 | O8: =O7+Trades!W8 -> 0.089120912 | Q8: 24 | R8: 27 | S8: =AVERAGEIFS(Trades!W:W,Trades!N:N,">="&Q8,Trades!N:N,"<="&R8) -> -0.022393823 | T8: =COUNTIFS(Trades!N:N,">="&Q8,Trades!N:N,"<="&R8) -> 15
B9: Biggest Winner | C9: =MAX(Trades!T:T) -> 0.30702651 | D9: =MAX(Trades!U:U) -> 0.30311966 | E9: =MAX(Trades!W:W) -> 0.29918211 | L9: =Trades!P9 -> 26942 | M9: =M8+Trades!T9 -> 0.16614087 | N9: =N8+Trades!U9 -> 0.13944671 | O9: =O8+Trades!W9 -> 0.11276796 | Q9: 28 | R9: 34 | S9: =AVERAGEIFS(Trades!W:W,Trades!N:N,">="&Q9,Trades!N:N,"<="&R9) -> -0.016174126 | T9: =COUNTIFS(Trades!N:N,">="&Q9,Trades!N:N,"<="&R9) -> 8
B10: Win rate | C10: =COUNTIF(Trades!T:T,">0")/(COUNTIF(Trades!T:T,">0")+COUNTIF(Trades!T:T,"<0")) -> 0.74418605 | D10: =COUNTIF(Trades!U:U,">0")/(COUNTIF(Trades!U:U,">0")+COUNTIF(Trades!U:U,"<0")) -> 0.69767442 | E10: =COUNTIF(Trades!W:W,">0")/(COUNTIF(Trades!W:W,">0")+COUNTIF(Trades!W:W,"<0")) -> 0.65697674 | L10: =Trades!P10 -> 27332 | M10: =M9+Trades!T10 -> 0.19014346 | N10: =N9+Trades!U10 -> 0.1601233 | O10: =O9+Trades!W10 -> 0.13010976 | Q10: 35 | R10: 40 | S10: =AVERAGEIFS(Trades!W:W,Trades!N:N,">="&Q10,Trades!N:N,"<="&R10) -> -0.045173001 | T10: =COUNTIFS(Trades!N:N,">="&Q10,Trades!N:N,"<="&R10) -> 4
B11: Profit Factor | C11: =SUMIF(Trades!T:T,">0",Trades!T:T)/ABS(SUMIF(Trades!T:T,"<0",Trades!T:T)) -> 4.0983255 | D11: =SUMIF(Trades!U:U,">0",Trades!U:U)/ABS(SUMIF(Trades!U:U,"<0",Trades!U:U)) -> 3.1844938 | E11: =SUMIF(Trades!W:W,">0",Trades!W:W)/ABS(SUMIF(Trades!W:W,"<0",Trades!W:W)) -> 2.4623543
L12: =Trades!P11 -> 27725 | M12: =M10+Trades!T11 -> 0.2079384 | N12: =N10+Trades!U11 -> 0.17456116 | O12: =O10+Trades!W11 -> 0.14121269 | Q12: 41 | R12: 47 | S12: =AVERAGEIFS(Trades!W:W,Trades!N:N,">="&Q12,Trades!N:N,"<="&R12) -> -0.032076202 | T12: =COUNTIFS(Trades!N:N,">="&Q12,Trades!N:N,"<="&R12) -> 1
B13: Column1 | C13: Column2 | L13: =Trades!P12 -> 27924 | M13: =M12+Trades!T12 -> 0.22286538 | N13: =N12+Trades!U12 -> 0.18618114 | O13: =O12+Trades!W12 -> 0.14952493
B14: Number of Trades | C14: =COUNTA(Trades!A:A)-1 -> 172 | L14: =Trades!P13 -> 28504 | M14: =M13+Trades!T13 -> 0.25930309 | N14: =N13+Trades!U13 -> 0.2193162 | O14: =O13+Trades!W13 -> 0.17935226
B15: Mean holding time | C15: =AVERAGE(Trades!N:N) -> 14.773256 | L15: =Trades!P14 -> 28639 | M15: =M14+Trades!T14 -> 0.29182341 | N15: =N14+Trades!U14 -> 0.24852757 | O15: =O14+Trades!W14 -> 0.20525575
B16: Median holding time | C16: =MEDIAN(Trades!N:N) -> 13 | L16: =Trades!P15 -> 28735 | M16: =M15+Trades!T15 -> 0.28796933 | N16: =N15+Trades!U15 -> 0.24136687 | O16: =O15+Trades!W15 -> 0.19478718
B17: Max holding time | C17: =MAX(Trades!N:N) -> 66 | L17: =Trades!P16 -> 29599 | M17: =M16+Trades!T16 -> 0.31468689 | N17: =N16+Trades!U16 -> 0.26477929 | O17: =O16+Trades!W16 -> 0.21489186
L18: =Trades!P17 -> 29691 | M18: =M17+Trades!T17 -> 0.28872883 | N18: =N17+Trades!U17 -> 0.23550579 | O18: =O17+Trades!W17 -> 0.18231062
B19: Column1 | C19: Positive | D19: Negative | L19: =Trades!P18 -> 30065 | M19: =M18+Trades!T18 -> 0.32089861 | N19: =N18+Trades!U18 -> 0.2643616 | O19: =O18+Trades!W18 -> 0.20785855
B20: Mean entry z score | C20: =AVERAGEIF(Trades!I:I,">0",Trades!I:I) -> 4.1598565 | D20: =AVERAGEIF(Trades!I:I,"<0",Trades!I:I) -> -4.1734012 | L20: =Trades!P19 -> 31227 | M20: =M19+Trades!T19 -> 0.34256178 | N20: =N19+Trades!U19 -> 0.28271007 | O20: =O19+Trades!W19 -> 0.22289915
B21: Median entry z score | C21: {=MEDIAN(_xlfn._xlws.FILTER(Trades!I:I,Trades!I:I>0))} -> 3.9703404 | D21: {=MEDIAN(_xlfn._xlws.FILTER(Trades!I:I,Trades!I:I<0))} -> -3.9798413 | L21: =Trades!P20 -> 31824 | M21: =M20+Trades!T20 -> 0.3395547 | N21: =N20+Trades!U20 -> 0.27622552 | O21: =O20+Trades!W20 -> 0.21293738
B22: max entry z score | C22: =_xlfn.MAXIFS(Trades!I:I,Trades!I:I,">0") -> 5.2946422 | D22: =_xlfn.MINIFS(Trades!I:I,Trades!I:I,"<0") -> -5.29465 | L22: =Trades!P21 -> 32055 | M22: =M21+Trades!T21 -> 0.26376454 | N22: =N21+Trades!U21 -> 0.19694353 | O22: =O21+Trades!W21 -> 0.13017828
B23: Mean exit z score | C23: =AVERAGEIF(Trades!S:S,">0",Trades!S:S) -> 0.276759 | D23: =AVERAGEIF(Trades!S:S,"<0",Trades!S:S) -> -0.30373698 | L23: =Trades!P22 -> 32218 | M23: =M22+Trades!T22 -> 0.28591621 | N23: =N22+Trades!U22 -> 0.21561969 | O23: =O22+Trades!W22 -> 0.14537723
B24: Median exit z score | C24: {=MEDIAN(_xlfn._xlws.FILTER(Trades!S:S,Trades!S:S>0))} -> 0.28602685 | D24: {=MEDIAN(_xlfn._xlws.FILTER(Trades!S:S,Trades!S:S<0))} -> -0.31610595 | L24: =Trades!P23 -> 32631 | M24: =M23+Trades!T23 -> 0.2970425 | N24: =N23+Trades!U23 -> 0.22327425 | O24: =O23+Trades!W23 -> 0.14955457
B25: max exit z score | C25: =_xlfn.MAXIFS(Trades!S:S,Trades!S:S,">0") -> 0.49471769 | D25: =_xlfn.MINIFS(Trades!S:S,Trades!S:S,"<0") -> -0.49975108 | L25: =Trades!P24 -> 33015 | M25: =M24+Trades!T24 -> 0.29932667 | N25: =N24+Trades!U24 -> 0.22207258 | O25: =O24+Trades!W24 -> 0.14487579
G26: 1 | H26: Edge is there, but wiped out by costs | L26: =Trades!P25 -> 34564 | M26: =M25+Trades!T25 -> 0.33131965 | N26: =N25+Trades!U25 -> 0.25059169 | O26: =O25+Trades!W25 -> 0.16991778
B27: Column1 | C27: Long | D27: Short | E27: Signal | F27: Forced | L27: =Trades!P26 -> 35310 | M27: =M26+Trades!T26 -> 0.39184873 | N27: =N26+Trades!U26 -> 0.30763649 | O27: =O26+Trades!W26 -> 0.22348536
B28: PnL (gross) | C28: =SUMIF(Trades!M:M,"LONG",Trades!T:T) -> 1.5203962 | D28: =SUMIF(Trades!M:M,"SHORT",Trades!T:T) -> 1.9727929 | E28: =SUMIF(Trades!O:O,"Signal",Trades!T:T) -> 3.493189 | F28: =SUMIF(Trades!O:O,"Forced",Trades!T:T) -> 0 | L28: =Trades!P27 -> 35725 | M28: =M27+Trades!T27 -> 0.34908833 | N28: =N27+Trades!U27 -> 0.261401 | O28: =O27+Trades!W27 -> 0.17377276
B29: Number | C29: =COUNTIF(Trades!M:M,"LONG") -> 76 | D29: =COUNTIF(Trades!M:M,"SHORT") -> 96 | E29: =COUNTIF(Trades!O:O,"Signal") -> 172 | F29: =COUNTIF(Trades!O:O,"Forced") -> 0 | L29: =Trades!P28 -> 36516 | M29: =M28+Trades!T28 -> 0.42457391 | N29: =N28+Trades!U28 -> 0.33352923 | O29: =O28+Trades!W28 -> 0.24255003
L30: =Trades!P29 -> 37315 | M30: =M29+Trades!T29 -> 0.4739102 | N30: =N29+Trades!U29 -> 0.37950105 | O30: =O29+Trades!W29 -> 0.2851709
B31: min Holding time | C31: Max Holding time | D31: Win rate | L31: =Trades!P30 -> 37701 | M31: =M30+Trades!T30 -> 0.46854692 | N31: =N30+Trades!U30 -> 0.37078082 | O31: =O30+Trades!W30 -> 0.27309984
B32: 0 | C32: 3 | D32: =COUNTIFS(Trades!N:N,">="&B32,Trades!N:N,"<="&C32,Trades!T:T,">0")/(COUNTIFS(Trades!N:N,">="&B32,Trades!N:N,"<="&C32,Trades!T:T,">0")+COUNTIFS(Trades!N:N,">="&B32,Trades!N:N,"<="&C32,Trades!T:T,"<0")) -> 1 | L32: =Trades!P31 -> 38206 | M32: =M31+Trades!T31 -> 0.46803659 | N32: =N31+Trades!U31 -> 0.36691804 | O32: =O31+Trades!W31 -> 0.26588623
B33: 4 | C33: 7 | D33: =COUNTIFS(Trades!N:N,">="&B33,Trades!N:N,"<="&C33,Trades!T:T,">0")/(COUNTIFS(Trades!N:N,">="&B33,Trades!N:N,"<="&C33,Trades!T:T,">0")+COUNTIFS(Trades!N:N,">="&B33,Trades!N:N,"<="&C33,Trades!T:T,"<0")) -> 1 | L33: =Trades!P32 -> 38333 | M33: =M32+Trades!T32 -> 0.46572662 | N33: =N32+Trades!U32 -> 0.36125783 | O33: =O32+Trades!W32 -> 0.25687507
B34: 8 | C34: 11 | D34: =COUNTIFS(Trades!N:N,">="&B34,Trades!N:N,"<="&C34,Trades!T:T,">0")/(COUNTIFS(Trades!N:N,">="&B34,Trades!N:N,"<="&C34,Trades!T:T,">0")+COUNTIFS(Trades!N:N,">="&B34,Trades!N:N,"<="&C34,Trades!T:T,"<0")) -> 1 | L34: =Trades!P33 -> 38674 | M34: =M33+Trades!T33 -> 0.47411327 | N34: =N33+Trades!U33 -> 0.36629174 | O34: =O33+Trades!W33 -> 0.25855802
B35: 12 | C35: 15 | D35: =COUNTIFS(Trades!N:N,">="&B35,Trades!N:N,"<="&C35,Trades!T:T,">0")/(COUNTIFS(Trades!N:N,">="&B35,Trades!N:N,"<="&C35,Trades!T:T,">0")+COUNTIFS(Trades!N:N,">="&B35,Trades!N:N,"<="&C35,Trades!T:T,"<0")) -> 0.91304348 | L35: =Trades!P34 -> 39068 | M35: =M34+Trades!T34 -> 0.49006509 | N35: =N34+Trades!U34 -> 0.37889391 | O35: =O34+Trades!W34 -> 0.26780936
B36: 16 | C36: 1000000 | D36: =COUNTIFS(Trades!N:N,">="&B36,Trades!N:N,"<="&C36,Trades!T:T,">0")/(COUNTIFS(Trades!N:N,">="&B36,Trades!N:N,"<="&C36,Trades!T:T,">0")+COUNTIFS(Trades!N:N,">="&B36,Trades!N:N,"<="&C36,Trades!T:T,"<0")) -> 0.42465753 | L36: =Trades!P35 -> 39472 | M36: =M35+Trades!T35 -> 0.48895605 | N36: =N35+Trades!U35 -> 0.37444047 | O36: =O35+Trades!W35 -> 0.26000495
L37: =Trades!P36 -> 39624 | M37: =M36+Trades!T36 -> 0.48939196 | N37: =N36+Trades!U36 -> 0.37157092 | O37: =O36+Trades!W36 -> 0.25382881
L38: =Trades!P37 -> 39854 | M38: =M37+Trades!T37 -> 0.50577914 | N38: =N37+Trades!U37 -> 0.38465968 | O38: =O37+Trades!W37 -> 0.26361097
B39: Conclusion: | L39: =Trades!P38 -> 41036 | M39: =M38+Trades!T38 -> 0.43575968 | N39: =N38+Trades!U38 -> 0.31130822 | O39: =O38+Trades!W38 -> 0.1869529
B40: "The baseline strategy exhibits a positive gross trading edge, but this edge is insufficient to overcome the assumed transaction costs and slippage. Under the baseline execution assumptions, implementation frictions are the primary driver of the strategy's negative net performance." | L40: =Trades!P39 -> 41209 | M40: =M39+Trades!T39 -> 0.45162358 | N40: =N39+Trades!U39 -> 0.32386596 | O40: =O39+Trades!W39 -> 0.19620405
L41: =Trades!P40 -> 41414 | M41: =M40+Trades!T40 -> 0.4961406 | N41: =N40+Trades!U40 -> 0.36508165 | O41: =O40+Trades!W40 -> 0.23411313
L42: =Trades!P41 -> 41825 | M42: =M41+Trades!T41 -> 0.47364816 | N42: =N41+Trades!U41 -> 0.33929864 | O42: =O41+Trades!W41 -> 0.20502339
L43: =Trades!P42 -> 42181 | M43: =M42+Trades!T42 -> 0.50644908 | N43: =N42+Trades!U42 -> 0.36878934 | O43: =O42+Trades!W42 -> 0.23120735
L44: =Trades!P43 -> 42965 | M44: =M43+Trades!T43 -> 0.58492767 | N44: =N43+Trades!U43 -> 0.44397671 | O44: =O43+Trades!W43 -> 0.30308798
L45: =Trades!P44 -> 43338 | M45: =M44+Trades!T44 -> 0.59627368 | N45: =N44+Trades!U44 -> 0.4520169 | O45: =O44+Trades!W44 -> 0.30782157
G46: 2 | H46: shorter trades are significantly more profitiable | L46: =Trades!P45 -> 43524 | M46: =M45+Trades!T45 -> 0.61025004 | N46: =N45+Trades!U45 -> 0.46278079 | O46: =O45+Trades!W45 -> 0.31537154 | Y46: 3 | Z46: most trades are short, but with a long tail
L47: =Trades!P46 -> 43755 | M47: =M46+Trades!T46 -> 0.60441415 | N47: =N46+Trades!U46 -> 0.45377304 | O47: =O46+Trades!W46 -> 0.30314972
L48: =Trades!P47 -> 44024 | M48: =M47+Trades!T47 -> 0.58563592 | N48: =N47+Trades!U47 -> 0.43177771 | O48: =O47+Trades!W47 -> 0.27794047
L49: =Trades!P48 -> 44544 | M49: =M48+Trades!T48 -> 0.62362232 | N49: =N48+Trades!U48 -> 0.4665603 | O49: =O48+Trades!W48 -> 0.30950915
L50: =Trades!P49 -> 44948 | M50: =M49+Trades!T49 -> 0.64556356 | N50: =N49+Trades!U49 -> 0.4852756 | O50: =O49+Trades!W49 -> 0.32501037
L51: =Trades!P50 -> 45534 | M51: =M50+Trades!T50 -> 0.65055513 | N51: =N50+Trades!U50 -> 0.48705458 | O51: =O50+Trades!W50 -> 0.32357544
L52: =Trades!P51 -> 45725 | M52: =M51+Trades!T51 -> 0.68541145 | N52: =N51+Trades!U51 -> 0.51868677 | O52: =O51+Trades!W51 -> 0.35199371
L53: =Trades!P52 -> 45815 | M53: =M52+Trades!T52 -> 0.69719542 | N53: =N52+Trades!U52 -> 0.52725614 | O53: =O52+Trades!W52 -> 0.35734916
L54: =Trades!P53 -> 46118 | M54: =M53+Trades!T53 -> 0.67830865 | N54: =N53+Trades!U53 -> 0.50515579 | O54: =O53+Trades!W53 -> 0.33203474
L55: =Trades!P54 -> 46496 | M55: =M54+Trades!T54 -> 0.69611106 | N55: =N54+Trades!U54 -> 0.51973915 | O55: =O54+Trades!W54 -> 0.34340418
L56: =Trades!P55 -> 47299 | M56: =M55+Trades!T55 -> 0.68064227 | N56: =N55+Trades!U55 -> 0.50105463 | O56: =O55+Trades!W55 -> 0.32150559
L57: =Trades!P56 -> 47424 | M57: =M56+Trades!T56 -> 0.68538795 | N57: =N56+Trades!U56 -> 0.50170171 | O57: =O56+Trades!W56 -> 0.3180546
L58: =Trades!P57 -> 47667 | M58: =M57+Trades!T57 -> 0.66934402 | N58: =N57+Trades!U57 -> 0.48153125 | O58: =O57+Trades!W57 -> 0.29378609
... L176: =Trades!P175 -> 0 | M176: =M175+Trades!T175 -> 3.493189 | N176: =N175+Trades!U175 -> 2.8531148 | O176: =O175+Trades!W175 -> 2.2131071

Sheet Comparison with multiple
B2: Metric | C2: Value | J2: Daily PnL table
B3: Net P&L | C3: =SUM(Trades!W2:W9652) -> 2.2131071
B4: Number of trades | C4: =COUNTA(Trades!A:A)-1 -> 172 | I4: {=_xlfn.LET( _xlpm.dates,_xlfn.SEQUENCE(DATE(2026,8,2)-DATE(2025,8,2)+1,,DATE(2025,8,2)), _xlfn._xlws.FILTER(_xlpm.dates,WEEKDAY(_xlpm.dates,2)<=5) )} -> 45873 | J4: {=SUMIFS('trades edited'!$W$2:$W$100000,'trades edited'!$Y$2:$Y$100000,_xlfn.ANCHORARRAY(I4))} -> 0
B5: P&L/trade | C5: =AVERAGE(Trades!W:W) -> 0.012866902 | I5: 45874 | J5: 0
B6: Daily P&L volatility | C6: =_xlfn.STDEV.S(_xlfn.ANCHORARRAY(J4)) -> 0.036810942 | I6: 45875 | J6: 0
B7: Sharpe-like measure | C7: =AVERAGE(_xlfn.ANCHORARRAY(J4))/_xlfn.STDEV.S(_xlfn.ANCHORARRAY(J4))*SQRT(252) -> 3.6707299 | I7: 45876 | J7: 0
B8: Max drawdown | C8: =MIN(Trades!W:W) -> -0.095289891 | I8: 45877 | J8: 0
B9: Max drawdown / total P&L | C9: =C8/C3 -> -0.043057062 | I9: 45880 | J9: 0
B10: Worst day | I10: 45881 | J10: 0
B11: Max concurrent positions | I11: 45882 | J11: 0
B12: Max gross exposure | I12: 45883 | J12: 0
I13: 45884 | J13: 0
I14: 45887 | J14: 0
I15: 45888 | J15: 0
I16: 45889 | J16: 0
I17: 45890 | J17: 0
I18: 45891 | J18: 0
I19: 45894 | J19: 0
I20: 45895 | J20: 0
I21: 45896 | J21: 0
I22: 45897 | J22: 0
I23: 45898 | J23: 0
I24: 45901 | J24: 0
... I263: 46234 | J263: 0
